Rank,Company Name,City ,Total Assets,Date Open,Parent Name ,Charter Type,"""S"" Corp",Return on Assets,Return on Equity,Tier 1 Leverage Ratio,Equity / Assets,Offices,Deposits per Office,Staff,Assets Per Employee,Cost per Employee,Total Assets,Yield on Loans,Loan Growth Rate,Cost of Funds,Deposit Growth Rate,Loans / Deposits,Yield on Investmets (TE),Net Interest Income (TE),Dividend Payout,Debt / Assets,Brokered Deposits / Deposits,Non-Int Deposits / Deposits,Service Charges / Deposits,Non-Interest Income,Revenue per Employee YTD,Personnel Expense,Occupancy Expense,Other Expense,Total Overhead,Efficiency Ratio,OREO,Reserve / Loans,Provision Expense,Past Due 30-89 Days,NPA's + 90 Day PDs,Net Charge Offs,NPA's / Equity + Reserves,Asset Quality Index,Net Income Q4 2023 Per Employee,Net Income Q4 2022,Net Income Q3 2023,Net Income Q4 2023,Net Income 2021,Net Income 2022,Net Income 2023,Return on Assets,Return on Equity,Net Interest Rank,Non-Int Income Rank,Non-Int Expense Rank,Efficiency Rank,NPA's Rank,Asset Quality Rank,ROA Rank,ROE Rank,Average of Rankings,
1,Adrian Bank,Adrian," 177,039 ",10/18/1932,Adrian Bancshares Inc,State,Yes,1.54%,20.49%,12.06%,8.37%,3," 51,224 ", 31 ," 5,711 ", 81.3 ," 177,039 ",6.74%,10.66%,1.36%,-2.08%,69.53%,1.97%,3.89%,61.65%,4.52%,0.00%,31.32%,0.30%,0.44%,233.9,1.47%,0.14%,0.67%,2.28%,52.56%,0 ,1.26%,0.09%,0.17%,0.13%,0.04%,0.82%,0.34%, 22.8 , 721 , 829 , 708 ," 3,098 "," 3,062 "," 3,163 ",1.54%,20.49%,50,97,77,37,63,54,36,24,54.8,
2,The Bank of Advance,Advance," 489,778 ",01/30/1902,Miles Bancshares Inc,State,Yes,1.64%,14.89%,11.34%,10.61%,6," 71,866 ", 87 ," 5,630 ", 86.2 ," 489,778 ",6.53%,7.87%,2.08%,9.29%,86.60%,2.74%,4.15%,69.92%,1.02%,9.41%,19.48%,0.35%,0.65%,254.7,1.61%,0.18%,0.69%,2.47%,51.52%,115 ,1.43%,0.18%,0.77%,0.46%,0.08%,4.81%,1.31%, 19.4 ," 1,998 "," 2,507 "," 1,684 "," 9,676 "," 9,676 "," 9,440 ",1.64%,14.89%,28,60,110,34,144,146,27,52,75.1,
3,Peoples Bank of Altenburg,Altenburg," 85,212 ",01/01/1910,Lincoln County Bcorp Inc,State,Yes,1.18%,14.11%,9.74%,8.72%,2," 32,466 ", 12 ," 7,101 ", 99.8 ," 85,212 ",5.16%,7.06%,0.94%,-1.98%,85.36%,3.76%,3.88%,52.54%,14.65%,0.00%,35.63%,0.10%,0.31%,278.1,1.50%,0.30%,0.86%,2.66%,63.46%,0 ,1.32%,0.06%,0.13%,0.00%,0.00%,0.00%,0.13%, 31.7 , 382 , 263 , 380 , 875 , 978 ," 1,180 ",1.18%,14.11%,51,150,135,92,2,24,74,61,73.6,
4,Alton Bank,Alton," 115,694 ",04/17/1924,Alton Bancshares Inc,State,Yes,-0.19%,-2.76%,8.29%,6.96%,2," 50,433 ", 20 ," 5,785 ", 81.0 ," 115,694 ",7.07%,0.49%,2.94%,-1.79%,57.05%,1.73%,2.27%,0.00%,5.64%,2.02%,18.96%,0.39%,0.41%,155.5,1.39%,0.39%,1.07%,2.86%,106.88%,0 ,1.16%,-0.02%,1.35%,0.37%,-0.04%,4.85%,1.72%, (11.4), 137 , (100), (228)," 1,067 ", 922 , (226),-0.19%,-2.76%,200,110,153,202,146,160,203,202,172.0,
5,First Independent Bank,Aurora," 128,452 ",01/01/1906,First Ind Bancshares Inc,State,No,0.57%,6.66%,11.40%,9.22%,1," 113,286 ", 25 ," 5,138 ", 62.7 ," 128,452 ",6.39%,8.40%,1.64%,-1.15%,59.73%,1.35%,2.86%,23.00%,2.34%,0.00%,23.69%,0.20%,0.34%,160.9,1.24%,0.28%,0.93%,2.45%,76.44%,253 ,1.33%,0.02%,1.89%,0.25%,0.04%,4.04%,2.18%, 9.3 , 223 , 177 , 233 ," 1,009 ", 774 , 726 ,0.57%,6.66%,160,136,105,168,131,173,173,172,152.3,
6,Belgrade State Bank,Belgrade," 430,233 ",06/19/1906,Turner Bancshares Inc,State,No,1.47%,20.19%,9.29%,7.65%,6," 65,601 ", 86 ," 5,003 ", 77.4 ," 430,233 ",6.48%,10.74%,2.11%,10.24%,81.18%,1.71%,3.83%,22.42%,0.00%,0.00%,13.14%,0.38%,1.27%,242.1,1.62%,0.38%,0.99%,2.99%,58.65%,255 ,1.16%,0.21%,0.62%,0.11%,0.28%,0.90%,1.01%, 13.5 ," 1,122 "," 1,471 "," 1,165 "," 4,222 "," 4,050 "," 6,021 ",1.47%,20.19%,59,20,165,62,68,127,42,26,71.1,
7,BTC Bank,Bethany," 1,153,145 ",09/19/1919,Bethany Bankshares Inc,State,No,1.02%,11.73%,9.02%,8.72%,22," 40,966 ", 223 ," 5,171 ", 73.2 ," 1,153,145 ",6.30%,21.69%,1.74%,-0.46%,94.34%,2.46%,3.84%,8.70%,12.83%,0.73%,26.09%,0.10%,0.36%,203.0,1.50%,0.44%,0.74%,2.68%,63.85%,0 ,1.01%,0.17%,0.85%,0.23%,0.01%,2.34%,1.09%, 10.4 ," 2,353 "," 2,955 "," 2,330 "," 7,523 "," 7,999 "," 11,040 ",1.02%,11.73%,56,131,138,95,106,132,103,97,107.3,
8,Bank of Billings,Billings," 83,794 ",03/14/1889,First Miami Bancshares Inc,State,No,1.31%,10.87%,9.86%,12.93%,2," 35,485 ", 22 ," 3,809 ", 71.6 ," 83,794 ",6.65%,-2.90%,1.87%,6.00%,94.83%,NA,4.88%,30.23%,1.79%,0.00%,39.17%,0.11%,0.40%,206.1,1.83%,0.37%,1.29%,3.50%,66.28%,0 ,1.15%,0.07%,2.14%,1.37%,-0.01%,9.85%,3.51%, 12.8 , 198 , 357 , 282 , 794 , 845 ," 1,128 ",1.31%,10.87%,5,115,190,125,182,191,60,113,122.6,
9,Bloomsdale Bank,Bloomsdale," 325,644 ",05/01/1914,Peoples Community Bcorp Inc,State,Yes,1.24%,21.83%,8.62%,6.58%,5," 60,585 ", 49 ," 6,646 ", 70.4 ," 325,644 ",5.86%,14.54%,1.75%,4.19%,67.03%,2.45%,3.22%,66.34%,0.15%,1.43%,26.82%,0.06%,0.29%,225.5,1.06%,0.11%,0.72%,1.90%,53.92%,0 ,0.93%,0.04%,0.10%,0.27%,0.12%,3.70%,0.49%, 22.0 ," 1,145 "," 1,334 "," 1,077 "," 5,804 "," 5,143 "," 4,732 ",1.24%,21.83%,112,158,23,42,126,77,63,17,77.3,
10,America's Community Bank,Blue Springs," 42,246 ",02/27/1888,Urich Bcorp Inc,State,Yes,0.89%,8.97%,10.20%,10.75%,1," 37,338 ", 8 ," 5,281 ", 75.8 ," 42,246 ",6.00%,6.47%,2.78%,8.24%,110.21%,NA,3.95%,51.20%,0.45%,18.75%,20.43%,0.02%,0.10%,223.3,1.37%,0.31%,0.72%,2.40%,59.24%,0 ,1.07%,0.52%,0.00%,0.00%,0.55%,0.00%,0.55%, 4.3 , 130 , 158 , 34 , 353 , 562 , 498 ,0.89%,8.97%,43,198,92,67,2,86,123,141,94.0,
11,Limebank,Bolivar," 107,511 ",11/24/1910,Stark Bancshares Inc,State,No,1.93%,8.73%,20.46%,18.21%,4," 18,649 ", 26 ," 4,135 ", 83.2 ," 107,511 ",6.30%,27.60%,1.70%,20.87%,106.17%,1.61%,4.61%,0.00%,12.09%,13.92%,23.85%,0.20%,3.92%,275.0,2.58%,0.52%,2.43%,5.53%,64.81%,0 ,1.29%,0.39%,0.73%,0.05%,0.00%,0.26%,0.78%, (22.5), (369)," 2,510 ", (585)," 1,141 ", (464)," 1,622 ",1.93%,8.73%,12,4,199,105,43,108,12,144,78.4,
12,Community State Bank of Missouri,Bowling Green," 301,949 ",01/26/1887,,State,Yes,0.91%,8.60%,11.83%,10.73%,3," 89,588 ", 42 ," 7,189 ", 84.2 ," 301,949 ",4.85%,5.65%,1.31%,2.20%,78.07%,1.89%,2.99%,83.14%,0.00%,0.00%,20.89%,0.17%,0.38%,229.9,1.22%,0.27%,0.75%,2.24%,66.25%,0 ,0.88%,0.00%,0.93%,0.92%,-0.02%,8.10%,1.85%, 19.2 , 843 , 762 , 805 ," 3,305 "," 3,000 "," 3,227 ",0.91%,8.60%,147,120,75,124,176,164,118,146,133.8,
13,Branson Bank,Branson," 351,416 ",03/22/2000,Branson Bancshares Inc,State,No,1.12%,12.88%,8.80%,8.75%,5," 62,296 ", 73 ," 4,814 ", 83.0 ," 351,416 ",5.62%,13.13%,1.72%,9.45%,91.77%,2.94%,3.99%,41.87%,1.71%,3.25%,26.62%,0.12%,0.62%,214.6,1.78%,0.39%,0.84%,3.01%,65.42%,0 ,1.10%,0.04%,0.03%,0.01%,0.02%,0.11%,0.06%, 12.9 , 940 , 989 , 945 ," 2,840 "," 3,117 "," 3,821 ",1.12%,12.88%,38,67,169,112,34,19,88,78,75.6,
14,First Community  Bank of the Ozarks,Branson," 174,965 ",10/01/1993,Alton Bancshares Inc,State,Yes,0.44%,7.78%,8.40%,5.65%,3," 46,087 ", 32 ," 5,468 ", 64.6 ," 174,965 ",5.70%,25.36%,2.67%,6.21%,90.91%,2.19%,2.55%,0.00%,15.13%,0.00%,11.68%,0.08%,0.47%,143.8,1.33%,0.29%,0.79%,2.41%,79.97%,0 ,1.02%,0.01%,0.01%,0.02%,-0.02%,5.88%,0.03%, 8.0 , 229 , 108 , 256 ," 1,908 "," 1,462 ", 789 ,0.44%,7.78%,189,92,94,180,158,12,184,157,133.3,
15,Pony Express Bank,Braymer," 383,817 ",10/02/1890,Page Bancshares Inc,State,Yes,2.04%,25.15%,9.41%,8.04%,2," 153,409 ", 34 ," 11,289 ", 147.4 ," 383,817 ",6.93%,8.74%,1.93%,-4.07%,91.91%,2.74%,4.46%,59.48%,11.72%,17.14%,25.34%,0.13%,0.26%,481.1,1.44%,0.09%,0.61%,2.13%,45.18%,0 ,1.24%,0.00%,0.21%,0.14%,0.01%,0.00%,0.36%, 67.1 ," 1,676 "," 2,169 "," 2,283 "," 5,943 "," 6,164 "," 8,910 ",2.04%,25.15%,20,165,52,18,2,58,10,9,41.8,
16,"Bank of Brookfield - Purdin, National Association",Brookfield," 107,461 ",12/14/1894,Capital Bancshares Inc,Federal,No,0.62%,7.82%,11.43%,9.02%,4," 23,779 ", 17 ," 6,321 ", 58.4 ," 107,461 ",6.32%,-6.29%,1.64%,-9.15%,21.70%,2.66%,2.36%,50.45%,2.30%,0.00%,18.43%,0.07%,0.12%,152.5,0.93%,0.25%,0.54%,1.71%,69.07%,0 ,1.78%,0.00%,0.15%,0.00%,0.00%,0.00%,0.15%, 8.2 , 145 , 170 , 140 , 734 , 740 , 666 ,0.62%,7.82%,199,197,14,137,2,27,166,156,112.3,
17,Verimore Bank,Brookfield," 446,105 ",05/01/1934,First Missouri Bancshares Inc,State,Yes,1.36%,13.10%,10.48%,10.10%,5," 76,651 ", 65 ," 6,863 ", 98.1 ," 446,105 ",5.89%,4.25%,2.48%,-6.13%,93.36%,3.27%,3.90%,81.91%,3.59%,0.00%,25.48%,0.05%,0.26%,272.3,1.50%,0.23%,0.60%,2.33%,55.90%,0 ,1.28%,0.06%,0.33%,0.01%,0.01%,0.26%,0.35%, 22.0 ," 1,673 "," 1,836 "," 1,427 "," 6,607 "," 6,723 "," 7,325 ",1.36%,13.10%,49,165,82,50,43,56,54,74,71.6,
18,County Bank,Brunswick," 118,163 ",04/02/1877,Chariton County Bancshares Inc,State,Yes,1.06%,15.80%,8.36%,7.55%,2," 54,524 ", 21 ," 5,627 ", 97.5 ," 118,163 ",5.98%,4.18%,0.93%,-2.65%,66.40%,1.98%,3.85%,81.72%,0.00%,0.00%,35.93%,0.22%,0.75%,268.7,1.67%,0.32%,1.24%,3.23%,70.17%,0 ,1.42%,0.03%,0.00%,0.00%,0.01%,0.00%,0.01%, 17.9 , 398 , 415 , 375 ," 1,593 "," 1,208 "," 1,636 ",1.06%,15.80%,54,45,182,146,2,8,98,44,72.4,
19,O'Bannon Banking Company,Buffalo," 278,904 ",11/20/1905,Buffalo Bancshares Inc,State,No,0.92%,11.50%,9.33%,8.15%,5," 49,003 ", 55 ," 5,071 ", 74.9 ," 278,904 ",6.04%,10.47%,1.90%,7.25%,85.60%,1.88%,3.69%,43.64%,3.37%,0.00%,20.05%,0.13%,0.22%,188.8,1.54%,0.34%,0.76%,2.64%,67.65%,0 ,0.95%,0.07%,0.63%,0.20%,0.04%,2.37%,0.87%, 12.3 , 589 , 600 , 675 ," 2,967 "," 2,454 "," 2,452 ",0.92%,11.50%,67,175,129,131,108,114,116,100,117.5,
20,Citizens Bank,Butler," 190,578 ",01/04/1926,Amsterdam Bancshares Inc,State,Yes,1.70%,21.91%,9.05%,8.99%,10," 16,656 ", 43 ," 4,432 ", 79.7 ," 190,578 ",6.91%,3.96%,1.47%,-6.06%,87.23%,2.74%,4.84%,82.39%,3.41%,0.00%,36.38%,0.15%,0.49%,235.6,1.79%,0.45%,0.80%,3.04%,57.13%,516 ,1.10%,0.13%,0.31%,0.41%,0.03%,4.27%,0.75%, 22.9 , 723 , 989 , 983 ," 2,823 "," 2,485 "," 4,078 ",1.70%,21.91%,7,89,172,56,135,106,24,16,75.6,
21,Community First Bank,Butler," 252,835 ",01/01/1932,Community First Bancshares Inc,State,Yes,1.93%,21.50%,8.65%,8.18%,4," 55,077 ", 41 ," 6,167 ", 79.3 ," 252,835 ",5.81%,12.50%,1.06%,-5.93%,88.33%,2.47%,4.31%,107.37%,4.35%,0.00%,21.34%,0.19%,0.36%,274.2,1.35%,0.19%,0.52%,2.07%,44.17%,0 ,1.63%,0.16%,0.52%,1.11%,0.13%,9.52%,1.76%, 32.3 ," 1,591 "," 1,386 "," 1,325 "," 3,451 "," 5,164 "," 5,852 ",1.93%,21.50%,23,131,39,15,181,162,12,20,72.9,
22,Farmers State Bank,Cameron," 384,880 ",01/01/1934,Fsc Bancshares Inc,State,No,0.90%,13.80%,8.08%,6.84%,7," 46,528 ", 66 ," 5,832 ", 62.3 ," 384,880 ",4.70%,7.40%,1.30%,12.37%,88.12%,2.55%,3.21%,56.61%,8.18%,0.00%,19.21%,0.14%,0.38%,201.7,1.11%,0.24%,1.07%,2.41%,67.02%,0 ,0.61%,0.04%,0.55%,0.18%,0.01%,1.61%,0.74%, 9.3 , 667 , 784 , 613 ," 2,793 "," 2,947 "," 3,358 ",0.90%,13.80%,114,120,94,128,85,105,121,65,104.0,
23,Alliance Bank,Cape Girardeau," 367,405 ",10/23/1997,Alliance Bancshares Inc,State,No,1.39%,11.43%,12.94%,12.30%,5," 60,325 ", 66 ," 5,567 ", 86.1 ," 367,405 ",6.13%,8.08%,2.05%,2.02%,98.11%,2.35%,3.93%,60.86%,4.63%,0.00%,17.91%,0.11%,0.55%,240.0,1.61%,0.28%,0.70%,2.59%,57.76%,0 ,1.43%,0.09%,0.55%,0.14%,0.01%,1.02%,0.70%, 20.2 ," 1,155 "," 1,341 "," 1,336 "," 3,591 "," 3,940 "," 4,929 ",1.39%,11.43%,45,77,125,57,71,100,45,103,77.9,
24,First Missouri State Bank of Cape County,Cape Girardeau," 201,972 ",06/30/2006,Fms Bcorp Inc,State,Yes,0.91%,10.84%,9.22%,8.70%,3," 58,259 ", 38 ," 5,315 ", 76.6 ," 201,972 ",5.57%,1.38%,2.38%,4.85%,94.17%,2.18%,3.35%,19.91%,4.07%,12.06%,18.27%,0.04%,0.23%,186.3,1.47%,0.26%,0.70%,2.43%,67.89%,104 ,1.28%,0.00%,0.15%,0.12%,-0.01%,1.68%,0.27%, 12.4 , 581 , 571 , 471 ," 2,846 "," 2,298 "," 2,260 ",0.91%,10.84%,97,170,99,132,89,39,118,114,107.3,
25,Bank 21,Carrollton," 167,534 ",08/12/1912,Knott Holding Co Inc,State,Yes,1.38%,13.88%,10.45%,10.10%,5," 27,261 ", 33 ," 5,077 ", 89.8 ," 167,534 ",5.95%,3.49%,2.04%,-4.72%,108.42%,1.93%,4.24%,42.38%,7.76%,0.00%,23.89%,0.12%,0.47%,230.9,1.83%,0.27%,0.82%,2.93%,62.12%,0 ,1.49%,0.04%,1.38%,2.43%,0.00%,21.23%,3.81%, 20.1 , 711 , 732 , 662 ," 1,980 "," 2,510 "," 2,820 ",1.38%,13.88%,24,92,159,84,199,194,47,62,107.6,
26,"Carroll County Trust Company of Carrollton, Missouri",Carrollton," 214,219 ",01/01/1919,Carroll County Bancshares Inc,State,Yes,0.42%,8.77%,9.11%,7.10%,2," 85,593 ", 23 ," 9,314 ", 111.0 ," 214,219 ",6.45%,4.05%,2.16%,1.15%,41.74%,2.55%,2.26%,81.48%,12.90%,14.27%,18.11%,0.09%,0.32%,219.6,1.26%,0.21%,0.62%,2.09%,81.06%,0 ,1.36%,-0.06%,1.66%,0.16%,-0.01%,2.04%,1.82%, 3.8 , (78), 171 , 87 ," 1,663 ", 765 , 891 ,0.42%,8.77%,201,148,43,184,98,163,187,143,145.9,
27,Southwest Missouri Bank,Carthage," 1,134,843 ",06/11/1979,Southwest Missouri Bcorp Inc,State,No,0.58%,13.69%,8.60%,4.98%,10," 98,330 ", 204 ," 5,563 ", 84.0 ," 1,134,843 ",6.19%,4.17%,1.57%,-0.70%,54.18%,1.74%,2.80%,37.68%,6.30%,0.00%,8.72%,0.23%,0.92%,197.0,1.57%,0.32%,1.08%,2.97%,79.73%,50 ,1.09%,0.00%,0.64%,0.13%,0.01%,2.74%,0.78%, 6.4 ," 2,304 "," 1,565 "," 1,301 "," 9,421 "," 10,018 "," 6,372 ",0.58%,13.69%,165,28,162,179,114,108,169,67,124.0,
28,"First State Bank and Trust Company, Inc.",Caruthersville," 596,048 ",04/02/1934,First St Bcorp Combined Retirement Benefit Plan,State,Yes,1.51%,15.91%,12.03%,9.78%,6," 83,999 ", 81 ," 7,359 ", 88.3 ," 596,048 ",6.47%,8.86%,1.78%,7.14%,81.29%,3.42%,3.92%,47.65%,4.78%,1.98%,17.53%,0.16%,0.63%,314.5,1.25%,0.29%,0.97%,2.51%,55.31%,650 ,1.15%,0.11%,0.59%,1.22%,0.11%,4.62%,1.92%, 33.5 ," 2,419 "," 2,430 "," 2,712 "," 7,759 "," 9,605 "," 10,494 ",1.51%,15.91%,47,65,118,47,139,165,37,42,82.5,
29,Freedom Bank of Southern Missouri,Cassville," 633,871 ",11/22/1999,Freedom Bancshares Of S Mo Inc,State,Yes,0.94%,11.03%,9.08%,8.73%,7," 81,532 ", 102 ," 6,214 ", 78.8 ," 633,871 ",5.70%,14.62%,2.27%,9.38%,86.45%,1.88%,3.04%,54.88%,0.79%,1.46%,14.41%,0.17%,0.41%,210.1,1.29%,0.19%,0.73%,2.21%,63.91%,0 ,0.90%,0.05%,0.42%,0.27%,0.00%,4.76%,0.69%, 17.9 ," 2,166 "," 1,887 "," 1,825 "," 8,325 "," 9,137 "," 7,311 ",0.94%,11.03%,138,110,66,96,143,99,113,109,109.3,
30,Security Bank of Southwest Missouri,Cassville," 119,204 ",12/13/1985,,State,Yes,1.95%,17.42%,11.41%,11.26%,3," 35,089 ", 33 ," 3,612 ", 60.5 ," 119,204 ",6.21%,10.69%,1.75%,10.86%,93.16%,3.52%,4.46%,51.90%,0.00%,0.00%,16.72%,0.22%,0.89%,183.4,1.76%,0.19%,0.69%,2.64%,49.34%,0 ,1.13%,0.24%,3.51%,0.48%,-0.01%,0.08%,3.99%, 20.9 , 470 , 716 , 689 ," 2,381 "," 2,264 "," 2,784 ",1.95%,17.42%,20,31,129,26,32,196,11,33,59.8,
31,Citizens' Bank of Charleston,Charleston," 173,663 ",01/20/1958,Citizens Bcorp Inc,State,No,2.16%,13.04%,17.91%,17.84%,2," 71,135 ", 22 ," 7,894 ", 87.4 ," 173,663 ",6.40%,9.47%,1.28%,-5.47%,80.05%,3.35%,4.51%,26.68%,0.00%,0.00%,20.17%,0.20%,0.46%,404.1,1.07%,0.35%,0.72%,2.14%,42.99%,0 ,1.45%,0.00%,0.40%,0.30%,0.01%,1.58%,0.71%, 28.3 , 717 ," 1,090 ", 622 ," 2,008 "," 2,520 "," 3,875 ",2.16%,13.04%,16,94,55,13,83,102,8,76,55.9,
32,Focus Bank,Charleston," 817,675 ",01/01/1930,Security State Bancshares Inc,State,Yes,1.09%,9.82%,12.31%,11.33%,8," 78,276 ", 163 ," 5,016 ", 87.0 ," 817,675 ",5.74%,2.84%,1.85%,0.38%,107.89%,2.02%,3.82%,72.48%,11.19%,0.00%,22.82%,0.42%,0.67%,220.8,1.77%,0.47%,0.82%,3.06%,68.11%,"1,038 ",1.04%,0.06%,0.96%,0.28%,0.07%,2.29%,1.31%, 14.8 ," 2,922 "," 2,992 "," 2,420 "," 12,918 "," 12,042 "," 11,038 ",1.09%,9.82%,60,57,175,134,104,146,92,129,112.1,
33,Chillicothe State Bank,Chillicothe," 143,674 ",10/19/1937,C S Bancshares Inc,State,No,0.72%,11.07%,9.05%,7.05%,1," 132,712 ", 24 ," 5,986 ", 70.3 ," 143,674 ",5.56%,2.19%,0.83%,-2.18%,50.71%,1.10%,2.95%,131.75%,0.00%,0.00%,31.47%,0.17%,0.33%,194.8,1.18%,0.22%,0.92%,2.32%,70.58%,0 ,1.65%,0.02%,0.66%,0.41%,0.02%,5.74%,1.09%, 12.4 , 226 , 278 , 297 ," 1,348 "," 1,097 "," 1,033 ",0.72%,11.07%,150,144,81,149,156,132,155,107,134.3,
34,Investors Community Bank,Chillicothe," 90,492 ",08/01/1934,Friendship Bancshares Inc,State,No,0.78%,8.37%,11.80%,10.40%,1," 80,935 ", 16 ," 5,656 ", 43.1 ," 90,492 ",6.43%,22.96%,1.43%,-11.16%,43.29%,2.00%,2.75%,44.34%,0.00%,0.00%,18.02%,0.16%,0.23%,157.9,0.76%,0.29%,0.76%,1.81%,60.60%,42 ,1.33%,0.12%,1.07%,0.13%,0.09%,0.59%,1.29%, 10.6 , 145 , 210 , 169 , 128 , 379 , 715 ,0.78%,8.37%,173,170,17,73,55,144,144,150,115.8,
35,Neighbors Bank,Clarence," 68,390 ",03/31/1945,Columbia Bancshares Inc,State,Yes,-6.68%,-45.04%,16.52%,14.33%,1," 55,752 ", 161 , 425 , 81.2 ," 68,390 ",6.21%,49.77%,3.09%,-1.24%,75.22%,1.46%,2.61%,0.00%,0.68%,0.00%,21.84%,0.04%,24.58%,113.5,19.46%,0.61%,13.76%,33.83%,124.44%,267 ,0.47%,0.03%,0.56%,0.74%,0.01%,5.04%,1.31%, (9.3)," (1,191)", (897)," (1,495)"," 1,773 "," (2,646)"," (4,487)",-6.68%,-45.04%,181,1,204,204,150,146,205,204,161.9,
36,Enterprise Bank & Trust,Clayton," 14,487,768 ",05/09/1988,Enterprise Finl Services Corp,State,No,1.46%,12.43%,10.58%,12.07%,42," 292,442 "," 1,203 "," 12,043 ", 133.9 ," 14,487,768 ",6.66%,11.96%,1.75%,12.29%,87.52%,2.81%,4.16%,22.08%,1.98%,6.00%,33.10%,0.13%,0.43%,526.5,1.16%,0.12%,1.16%,2.43%,52.96%,"5,736 ",1.24%,0.26%,0.12%,0.42%,0.37%,5.97%,0.91%, 39.5 ," 61,084 "," 48,645 "," 47,543 "," 141,664 "," 212,902 "," 203,768 ",1.46%,12.43%,27,103,99,40,160,119,43,85,84.5,
37,M1 Bank,Clayton," 963,804 ",05/15/1911,M1 Bancshares Inc,State,No,2.16%,24.59%,9.30%,9.45%,2," 430,629 ", 38 ," 25,363 ", 145.0 ," 963,804 ",8.83%,24.82%,3.98%,14.26%,94.74%,2.00%,4.47%,44.49%,0.00%,35.41%,5.28%,0.00%,0.01%,"1,054.5",0.60%,0.19%,0.56%,1.36%,30.23%,0 ,0.80%,0.15%,0.00%,0.00%,0.00%,0.00%,0.00%, 67.7 ," 3,130 "," 3,162 "," 2,573 "," 10,230 "," 15,289 "," 19,669 ",2.16%,24.59%,19,204,5,3,2,1,8,10,31.5,
38,Midwest Regional Bank,Clayton," 993,966 ",06/13/1894,Midwest Regional Bcorp Inc,State,No,0.96%,9.98%,9.39%,9.53%,7," 116,498 ", 117 ," 8,495 ", 127.7 ," 993,966 ",6.98%,14.84%,3.95%,0.62%,101.22%,2.11%,2.91%,74.68%,7.60%,0.00%,10.23%,0.03%,0.82%,311.6,1.53%,0.26%,0.67%,2.46%,65.86%,550 ,1.20%,-0.01%,0.61%,0.38%,0.40%,4.17%,1.39%, 22.1 ," 2,245 "," 2,752 "," 2,591 "," 10,163 "," 7,215 "," 9,373 ",0.96%,9.98%,154,37,107,120,132,149,110,127,117.0,
39,Parkside Financial Bank & Trust,Clayton," 951,302 ",04/23/2008,Parkside Financial Inc,State,No,0.71%,8.52%,9.79%,9.42%,1," 821,246 ", 108 ," 8,808 ", 206.6 ," 951,302 ",6.53%,19.54%,2.37%,3.48%,90.12%,1.69%,3.34%,0.00%,2.78%,13.00%,37.89%,0.12%,1.14%,399.5,2.32%,0.15%,0.79%,3.26%,72.83%,0 ,1.65%,0.34%,0.00%,0.00%,0.25%,0.00%,0.25%, 18.4 ," 2,479 "," 1,095 "," 1,984 "," 7,341 "," 8,697 "," 6,868 ",0.71%,8.52%,99,22,183,154,2,36,158,147,100.1,
40,The Citizens-Farmers Bank of Cole Camp,Cole Camp," 181,462 ",03/29/1929,,State,No,1.23%,9.16%,14.29%,13.42%,2," 72,508 ", 28 ," 6,481 ", 73.4 ," 181,462 ",6.07%,5.96%,2.45%,3.37%,85.06%,1.92%,3.09%,59.99%,5.96%,0.00%,23.35%,0.31%,0.53%,223.4,1.16%,0.14%,0.66%,1.96%,54.18%,25 ,1.37%,0.06%,1.90%,0.64%,0.11%,6.33%,2.65%, 15.3 , 411 , 642 , 427 ," 2,573 "," 2,601 "," 2,187 ",1.23%,9.16%,127,81,28,44,162,179,66,136,102.9,
41,"Concordia Bank of Concordia, Missouri",Concordia," 108,760 ",05/01/1932,Northern Mo Bancshares Inc,State,No,1.10%,10.76%,11.30%,10.48%,4," 23,472 ", 28 ," 3,884 ", 68.2 ," 108,760 ",5.94%,16.78%,1.14%,2.88%,88.75%,2.51%,4.37%,0.00%,2.76%,0.00%,21.70%,0.21%,0.58%,184.3,1.83%,0.36%,1.07%,3.26%,65.76%,0 ,1.15%,0.21%,0.37%,0.02%,0.02%,0.21%,0.41%, 11.0 , 320 , 187 , 308 ," 1,222 "," 1,198 "," 1,146 ",1.10%,10.76%,22,73,183,119,38,63,90,120,88.5,
42,State Bank of Missouri,Concordia," 146,131 ",07/28/1884,C S Bancshares Inc,State,No,0.83%,14.13%,8.47%,6.34%,3," 45,359 ", 24 ," 6,089 ", 63.3 ," 146,131 ",5.79%,8.85%,1.77%,-2.36%,57.79%,1.67%,2.66%,80.00%,0.00%,0.00%,18.40%,0.19%,0.38%,184.4,1.03%,0.20%,0.72%,1.96%,64.38%,71 ,1.01%,-0.03%,1.56%,1.11%,0.13%,16.14%,2.80%, 12.7 , 275 , 337 , 304 ," 1,494 "," 1,127 "," 1,225 ",0.83%,14.13%,176,120,28,101,196,184,135,60,125.0,
43,Sherwood Community Bank,Creighton," 80,126 ",06/06/1902,,State,Yes,0.37%,7.72%,7.58%,4.99%,4," 15,251 ", 19 ," 4,217 ", 69.6 ," 80,126 ",6.16%,30.84%,1.65%,-5.40%,81.97%,2.05%,3.45%,48.70%,18.83%,0.00%,33.42%,0.16%,0.34%,145.9,1.79%,0.46%,0.89%,3.14%,82.73%,0 ,0.86%,0.03%,3.21%,0.39%,0.01%,2.82%,3.61%, 2.0 , 131 , 142 , 38 , 705 , 507 , 308 ,0.37%,7.72%,87,136,179,189,115,192,189,158,155.6,
44,First Bank,Creve Coeur," 6,554,829 ",07/30/1906,Fb Corp,State,No,0.27%,4.06%,8.89%,7.01%,73," 76,724 ", 908 ," 7,219 ", 122.6 ," 6,554,829 ",5.67%,15.19%,1.88%,-4.52%,64.70%,2.47%,2.38%,54.93%,6.18%,4.91%,26.99%,0.25%,0.81%,237.8,1.64%,0.44%,0.74%,2.82%,88.46%,30 ,1.12%,-0.02%,0.16%,0.12%,-0.08%,2.49%,0.28%, (3.8)," 8,779 "," 4,396 "," (3,425)"," 61,509 "," 40,937 "," 18,205 ",0.27%,4.06%,198,39,149,195,111,40,193,191,139.5,
45,Peoples Bank,Cuba," 254,582 ",06/22/1901,Peoples Bcorp Inc,State,Yes,1.22%,19.66%,10.44%,6.94%,5," 47,248 ", 52 ," 4,896 ", 71.1 ," 254,582 ",5.44%,0.78%,1.68%,-2.22%,67.25%,2.62%,3.35%,71.78%,0.07%,0.00%,25.48%,0.39%,0.90%,206.8,1.43%,0.30%,0.91%,2.64%,62.06%,0 ,1.19%,0.07%,0.17%,0.31%,0.05%,6.23%,0.53%, 16.6 ," 1,000 ", 850 , 865 ," 3,862 "," 3,395 "," 3,622 ",1.22%,19.66%,97,29,129,83,161,83,68,27,84.6,
46,Cass Commercial Bank,Des Peres," 1,514,367 ",01/01/1906,Cass Information Systems Inc,State,No,1.77%,15.72%,12.49%,12.17%,3," 440,913 ", 68 ," 22,270 ", 146.1 ," 1,514,367 ",4.88%,-6.45%,1.79%,3.19%,70.34%,3.18%,3.06%,28.03%,0.00%,0.00%,39.75%,0.41%,0.64%,820.7,0.66%,0.05%,0.79%,1.50%,40.52%,0 ,1.31%,-0.06%,0.00%,0.00%,0.00%,11.63%,0.00%, 102.6 ," 7,314 "," 6,327 "," 6,978 "," 16,730 "," 24,818 "," 26,757 ",1.77%,15.72%,133,62,6,11,188,1,22,45,58.5,
47,First Midwest Bank of Dexter,Dexter," 527,680 ",01/15/1964,Midwest Bcorp &Affiliates Esop Tr,State,Yes,0.93%,10.50%,9.60%,8.65%,6," 78,725 ", 103 ," 5,123 ", 76.9 ," 527,680 ",5.81%,6.76%,3.03%,3.93%,95.35%,2.63%,3.40%,92.18%,1.46%,3.19%,17.87%,0.10%,0.35%,183.4,1.56%,0.27%,0.70%,2.52%,67.21%,0 ,0.98%,0.06%,0.28%,0.15%,0.02%,2.61%,0.45%, 10.8 ," 1,568 "," 1,347 "," 1,114 "," 7,123 "," 6,673 "," 5,766 ",0.93%,10.50%,91,133,120,129,113,72,115,123,112.0,
48,The Citizens Bank of Edina,Edina," 97,493 ",09/10/1914,R Dean Phillips Bk Tr Dated 11-19-2004,State,No,2.34%,20.47%,12.23%,11.53%,1," 85,799 ", 12 ," 8,124 ", 71.6 ," 97,493 ",6.19%,9.78%,1.29%,11.01%,74.42%,1.88%,4.56%,47.05%,0.00%,0.00%,32.85%,0.15%,0.29%,373.8,0.93%,0.18%,0.51%,1.62%,33.35%,0 ,1.39%,0.16%,0.29%,0.01%,0.08%,0.92%,0.38%, 47.2 , 436 , 543 , 566 ," 1,461 "," 1,397 "," 2,166 ",2.34%,20.47%,15,158,9,4,70,61,5,25,43.4,
49,Community Bank of El Dorado Springs,El Dorado Springs," 124,299 ",10/01/1981,,State,Yes,1.63%,11.06%,15.85%,15.60%,1," 104,660 ", 18 ," 6,906 ", 68.1 ," 124,299 ",5.53%,23.77%,1.77%,2.67%,62.65%,3.38%,3.46%,54.99%,0.00%,0.00%,20.06%,0.12%,0.25%,255.7,0.98%,0.08%,0.59%,1.65%,44.42%,0 ,1.22%,0.00%,0.07%,0.17%,0.00%,1.63%,0.24%, 34.5 , 740 , 652 , 621 ," 1,793 "," 2,154 "," 2,546 ",1.63%,11.06%,85,169,10,16,87,35,30,108,67.5,
50,Citizens Bank of Eldon,Eldon," 221,393 ",01/20/1905,Citizens Bancshares Eldon Mo,State,No,1.14%,11.93%,10.73%,9.70%,4," 46,667 ", 33 ," 6,709 ", 93.7 ," 221,393 ",5.87%,11.79%,1.53%,2.60%,82.93%,0.81%,3.48%,69.31%,4.97%,0.00%,35.91%,0.25%,0.54%,260.0,1.45%,0.21%,0.63%,2.29%,57.10%,0 ,1.32%,0.22%,1.66%,0.78%,0.18%,7.30%,2.62%, 20.5 , 583 , 712 , 677 ," 2,691 "," 2,248 "," 2,431 ",1.14%,11.93%,82,78,78,55,173,178,84,94,102.8,
51,Security Bank of the Ozarks,Eminence," 143,007 ",06/29/1959,Eminence Bankshares Inc,State,Yes,1.23%,21.76%,7.67%,6.36%,5," 26,717 ", 47 ," 3,043 ", 49.6 ," 143,007 ",7.00%,5.54%,1.49%,3.53%,66.85%,2.43%,4.20%,50.29%,0.00%,0.00%,27.79%,0.23%,0.60%,139.8,1.68%,0.51%,0.93%,3.11%,64.90%,660 ,1.06%,0.13%,2.23%,0.62%,0.15%,8.80%,3.00%, 12.7 , 268 , 548 , 598 ," 1,948 "," 2,131 "," 2,058 ",1.23%,21.76%,25,70,178,107,178,186,66,18,103.5,
52,First State Community Bank,Farmington," 3,977,265 ",05/11/1954,First State Bancshares Inc,State,No,1.55%,14.41%,11.28%,11.07%,52," 65,165 ", 695 ," 5,723 ", 73.8 ," 3,977,265 ",5.24%,6.80%,1.50%,-1.93%,85.49%,2.33%,3.15%,37.41%,3.08%,0.72%,23.30%,0.32%,1.32%,241.7,1.35%,0.25%,0.86%,2.47%,55.22%,95 ,0.92%,0.07%,0.37%,0.18%,0.03%,1.73%,0.58%, 22.7 ," 14,854 "," 14,634 "," 15,774 "," 55,543 "," 59,249 "," 58,757 ",1.55%,14.41%,119,19,110,46,95,92,35,55,71.4,
53,Ozarks Federal Savings and Loan Association,Farmington," 260,069 ",01/01/1930,,Federal,No,0.12%,0.76%,15.16%,14.09%,5," 39,107 ", 58 ," 4,484 ", 69.5 ," 260,069 ",4.37%,15.38%,1.91%,5.20%,106.56%,1.94%,2.41%,0.00%,9.81%,0.00%,6.45%,0.02%,0.43%,119.7,1.65%,0.26%,0.85%,2.76%,97.22%,0 ,0.92%,0.00%,0.50%,1.01%,0.00%,6.95%,1.51%, (1.3), 237 , (7), (74), 956 ," 1,113 ", 282 ,0.12%,0.76%,196,103,145,200,169,151,199,198,170.1,
54,Commercial Trust Company of Fayette,Fayette," 151,649 ",01/01/1903,Harris Taubman Financial Corp,State,Yes,0.92%,10.93%,10.25%,9.80%,2," 65,351 ", 23 ," 6,593 ", 96.3 ," 151,649 ",5.64%,-3.39%,2.19%,-16.25%,82.59%,1.33%,2.79%,67.82%,3.96%,0.00%,16.92%,0.07%,0.68%,252.7,1.31%,0.30%,0.64%,2.25%,64.77%,0 ,1.16%,0.06%,0.34%,0.51%,0.10%,2.46%,0.95%, 27.9 , 651 , 356 , 641 ," 2,308 "," 2,597 "," 1,911 ",0.92%,10.93%,167,55,76,104,110,122,116,112,107.8,
55,Exchange Bank of Missouri,Fayette," 348,798 ",11/19/1927,Northern Mo Bancshares Inc,State,No,0.58%,6.45%,9.59%,8.81%,6," 52,734 ", 60 ," 5,813 ", 77.0 ," 348,798 ",6.69%,15.57%,2.72%,15.30%,88.68%,1.85%,3.55%,17.71%,0.00%,0.00%,13.41%,0.14%,0.46%,219.0,1.40%,0.30%,1.47%,3.17%,79.13%,0 ,1.07%,0.08%,1.65%,0.01%,0.04%,0.17%,1.70%, 16.7 , 835 , (722)," 1,004 "," 3,817 "," 3,102 "," 1,908 ",0.58%,6.45%,75,94,180,175,36,159,169,180,133.5,
56,New Era Bank,Fredericktown," 411,086 ",01/01/1934,New Era Bcorp Inc,State,Yes,1.50%,13.37%,12.41%,12.24%,6," 59,818 ", 67 ," 6,136 ", 56.6 ," 411,086 ",5.07%,2.60%,0.93%,-5.60%,70.16%,1.25%,3.02%,53.89%,0.04%,0.00%,3.45%,0.23%,0.71%,230.3,0.91%,0.24%,0.67%,1.82%,48.87%,0 ,0.94%,0.01%,0.63%,0.05%,0.02%,0.08%,0.70%, 30.2 ," 1,857 "," 1,934 "," 2,022 "," 5,933 "," 7,726 "," 7,806 ",1.50%,13.37%,141,50,19,24,32,100,40,72,59.8,
57,Triad Bank,Frontenac," 833,840 ",10/24/2005,Triad Bcorp Inc,State,No,1.51%,15.25%,10.19%,9.57%,2," 327,306 ", 57 ," 14,629 ", 162.4 ," 833,840 ",6.31%,16.13%,1.92%,24.87%,99.22%,2.30%,4.15%,8.69%,9.89%,9.23%,24.70%,0.15%,0.22%,583.3,1.22%,0.15%,0.58%,1.96%,44.69%,441 ,1.70%,0.39%,0.00%,0.21%,0.07%,0.78%,0.28%, 45.2 ," 1,965 "," 2,746 "," 2,577 "," 6,703 "," 8,193 "," 11,504 ",1.51%,15.25%,28,175,28,17,61,40,37,48,54.3,
58,The Callaway Bank,Fulton," 475,157 ",01/01/1857,Callaway Security Banks Inc,State,No,0.50%,6.38%,9.20%,8.27%,7," 55,145 ", 56 ," 8,485 ", 69.2 ," 475,157 ",5.46%,3.19%,2.03%,0.72%,95.27%,1.32%,3.09%,57.95%,10.10%,0.00%,28.60%,0.13%,0.67%,319.8,0.81%,0.22%,2.03%,3.06%,81.30%,0 ,1.04%,0.06%,0.22%,0.32%,0.01%,3.83%,0.55%, 12.9 , 200 , 563 , 725 ," 3,682 "," 4,147 "," 2,402 ",0.50%,6.38%,127,57,175,187,130,86,180,181,140.4,
59,United Security Bank,Fulton," 90,342 ",01/25/1930,Mid-Mo Bancshares Inc,State,Yes,0.83%,9.24%,12.00%,9.35%,3," 22,382 ", 13 ," 6,949 ", 86.2 ," 90,342 ",5.87%,12.27%,2.32%,-5.72%,87.58%,2.13%,3.06%,49.88%,16.16%,0.00%,27.59%,0.13%,0.22%,209.1,1.31%,0.41%,0.45%,2.17%,65.90%,0 ,1.49%,0.08%,0.59%,0.00%,-0.14%,0.00%,0.59%, 10.8 , 37 , 174 , 140 , 743 , 859 , 802 ,0.83%,9.24%,133,175,57,121,2,93,135,134,106.3,
60,Century Bank of the Ozarks,Gainesville," 262,778 ",07/24/1894,Century Bancshares Inc,State,No,3.26%,34.76%,9.49%,9.36%,5," 46,733 ", 63 ," 4,171 ", 66.5 ," 262,778 ",6.00%,4.52%,1.26%,2.88%,89.29%,1.02%,4.61%,82.64%,0.00%,0.00%,27.04%,0.16%,2.88%,301.5,1.65%,0.43%,0.85%,2.93%,39.09%,0 ,1.74%,0.05%,0.62%,1.25%,0.15%,11.58%,2.02%, 19.3 , 975 ," 4,632 "," 1,219 "," 5,218 "," 3,375 "," 8,273 ",3.26%,34.76%,12,6,159,8,187,167,2,6,68.4,
61,Tri-County Trust Company,Glasgow," 62,872 ",01/01/1921,Bancshares Of Glasgow Inc,State,Yes,1.36%,12.61%,13.78%,11.91%,1," 48,452 ", 9 ," 6,986 ", 97.7 ," 62,872 ",6.47%,8.70%,1.74%,-8.01%,88.14%,3.57%,4.03%,80.74%,10.82%,12.13%,17.95%,0.21%,0.22%,274.1,1.44%,0.12%,1.04%,2.61%,61.38%,0 ,1.70%,0.00%,1.91%,0.26%,0.04%,13.46%,2.21%, 22.2 , 249 , 306 , 200 , 905 , 946 , 924 ,1.36%,12.61%,34,175,127,77,195,174,54,81,114.6,
62,The Bank of Grain Valley,Grain Valley," 111,590 ",05/11/1905,Grain Valley Bancshares Inc,State,Yes,1.60%,8.34%,20.33%,19.65%,2," 44,763 ", 14 ," 7,971 ", 123.1 ," 111,590 ",5.52%,-2.42%,1.00%,-4.78%,76.41%,1.85%,4.11%,65.10%,0.00%,0.00%,30.55%,0.01%,0.04%,330.5,1.54%,0.20%,0.37%,2.12%,51.06%,0 ,1.44%,0.00%,0.00%,0.00%,0.00%,0.00%,0.00%, 43.7 , 539 , 580 , 612 ," 1,850 "," 2,005 "," 2,249 ",1.60%,8.34%,32,202,49,32,2,1,32,151,62.6,
63,Bank of Grandin,Grandin," 214,559 ",01/13/1913,,State,Yes,0.50%,3.53%,14.47%,13.93%,5," 36,719 ", 36 ," 5,960 ", 69.2 ," 214,559 ",7.77%,7.53%,3.26%,8.98%,59.60%,1.65%,2.58%,69.83%,0.00%,0.00%,16.85%,0.17%,0.30%,165.4,1.20%,0.25%,0.69%,2.13%,74.08%,221 ,1.13%,0.11%,1.45%,0.42%,0.23%,7.72%,2.10%, 10.3 , 426 , 282 , 370 ," 3,191 "," 2,582 "," 1,263 ",0.50%,3.53%,183,152,52,161,175,171,180,193,158.4,
64,"North American Savings Bank, F.S.B.",Grandview," 2,750,302 ",01/01/1923,Nasb Financial Inc,Federal,No,0.96%,6.59%,15.30%,14.87%,10," 172,191 ", 247 ," 11,135 ", 127.3 ," 2,750,302 ",5.83%,-1.83%,3.11%,3.77%,122.09%,3.15%,3.03%,28.44%,21.79%,4.79%,7.09%,0.07%,0.28%,365.6,1.15%,0.26%,0.56%,1.97%,59.61%,"7,488 ",1.41%,-0.06%,1.04%,0.91%,0.00%,5.68%,1.95%, 32.6 ," 5,029 "," 7,015 "," 8,049 "," 56,747 "," 29,015 "," 26,080 ",0.96%,6.59%,140,162,31,69,155,166,110,173,125.8,
65,farmbank,Green City," 77,771 ",11/21/1943,Green City Bancshares Inc,State,No,0.14%,2.68%,7.67%,5.79%,3," 23,894 ", 18 ," 4,321 ", 64.4 ," 77,771 ",5.92%,-2.63%,2.33%,6.83%,65.92%,2.52%,2.71%,0.00%,1.61%,1.83%,15.35%,0.13%,0.26%,128.4,1.47%,0.48%,0.81%,2.76%,93.06%,0 ,1.24%,0.09%,0.58%,0.51%,0.48%,12.50%,1.57%, (1.9), 7 , 18 , (35), 426 , 329 , 112 ,0.14%,2.68%,174,165,145,197,192,153,198,195,177.4,
66,Peoples Community Bank,Greenville," 661,354 ",01/03/1977,Greenville Bancshares Inc,State,Yes,1.91%,12.07%,17.91%,17.19%,16," 34,153 ", 115 ," 5,751 ", 63.7 ," 661,354 ",6.42%,1.85%,1.92%,1.98%,82.00%,3.05%,3.87%,53.86%,0.00%,0.00%,15.11%,0.40%,0.74%,262.1,1.09%,0.21%,0.82%,2.11%,45.81%,0 ,1.11%,0.08%,1.78%,0.77%,0.18%,4.66%,2.73%, 29.2 ," 3,845 "," 3,929 "," 3,360 "," 18,655 "," 16,809 "," 15,383 ",1.91%,12.07%,53,47,47,20,140,181,14,92,74.3,
67,Bank Northwest,Hamilton," 210,959 ",08/04/1945,Caldwell County Bancshares Inc,State,Yes,2.19%,24.15%,10.11%,9.59%,5," 35,874 ", 44 ," 4,795 ", 58.7 ," 210,959 ",6.51%,14.59%,1.36%,-0.57%,91.05%,2.43%,4.66%,67.23%,5.27%,0.00%,28.91%,0.25%,0.39%,226.6,1.29%,0.47%,0.41%,2.17%,43.11%,0 ,0.90%,0.09%,0.27%,0.14%,-0.01%,1.68%,0.41%, 33.8 , 863 ," 1,413 "," 1,488 "," 5,391 "," 4,047 "," 5,456 ",2.19%,24.15%,11,116,57,14,89,63,7,11,46.0,
68,The Hamilton Bank,Hamilton," 102,953 ",06/11/1938,Prism Group Inc,State,Yes,1.20%,50.01%,10.06%,3.79%,3," 31,502 ", 15 ," 6,864 ", 94.6 ," 102,953 ",6.36%,5.67%,1.71%,-3.40%,52.34%,2.75%,3.37%,56.18%,4.18%,0.00%,28.04%,0.23%,0.38%,247.1,1.37%,0.47%,0.37%,2.21%,59.01%,0 ,0.60%,0.00%,1.18%,0.42%,0.00%,0.40%,1.60%, 24.0 , 194 , 284 , 360 ," 1,343 "," 1,236 "," 1,376 ",1.20%,50.01%,94,120,66,66,49,155,73,1,78.0,
69,F&M Bank and Trust Company,Hannibal," 180,174 ",01/01/1886,Farmers&Merchants Bcorp Inc,State,No,0.58%,9.45%,9.07%,6.86%,3," 55,694 ", 33 ," 5,460 ", 78.9 ," 180,174 ",5.32%,15.75%,1.69%,7.79%,68.15%,1.43%,2.57%,16.05%,0.00%,0.15%,20.92%,0.14%,0.34%,158.0,1.45%,0.22%,0.54%,2.21%,76.08%,241 ,1.22%,0.00%,0.04%,0.17%,0.05%,3.36%,0.26%, 8.1 , 243 , 317 , 268 ," 1,972 ", 901 ," 1,047 ",0.58%,9.45%,186,136,66,167,123,38,169,133,127.3,
70,HNB National Bank,Hannibal," 872,446 ",01/01/1888,R Dean Phillips Bk Tr Dated 11-19-2004,Federal,Yes,1.64%,15.97%,10.84%,9.81%,15," 48,694 ", 146 ," 5,976 ", 62.3 ," 872,446 ",5.98%,35.83%,1.30%,23.60%,79.24%,1.98%,3.58%,3.09%,6.07%,0.41%,17.54%,0.10%,0.89%,220.3,1.26%,0.30%,0.67%,2.23%,49.81%,0 ,1.05%,0.17%,0.20%,0.11%,-0.01%,1.59%,0.31%, 31.7 ," 3,684 "," 3,424 "," 4,635 "," 16,593 "," 15,005 "," 14,871 ",1.64%,15.97%,73,31,73,28,84,51,27,41,51.0,
71,Paramount Bank,Hazelwood," 94,248 ",12/30/2004,Paramount Financial Group Llc,State,No,-3.65%,-31.78%,6.48%,10.38%,1," 81,050 ", 87 ," 1,083 ", 67.2 ," 94,248 ",5.92%,3.23%,3.83%,18.15%,95.47%,4.33%,2.14%,0.00%,3.12%,37.17%,4.18%,0.01%,4.67%,68.8,6.65%,0.95%,4.17%,11.78%,172.96%,"1,039 ",1.18%,-0.11%,0.32%,6.27%,0.00%,55.16%,6.59%, (14.5), (955), (834)," (1,261)"," (4,258)"," (3,991)"," (3,204)",-3.65%,-31.78%,202,2,202,205,205,202,204,203,178.1,
72,F & C Bank,Holden," 367,752 ",03/24/1881,F&C Bcorp Inc,State,Yes,1.91%,18.63%,10.62%,10.10%,3," 103,906 ", 58 ," 6,341 ", 96.3 ," 367,752 ",6.57%,15.57%,1.55%,6.83%,99.16%,2.76%,4.70%,49.13%,4.35%,0.00%,17.85%,0.15%,0.62%,311.7,1.64%,0.32%,0.86%,2.82%,52.85%,0 ,1.36%,0.09%,0.87%,0.06%,0.02%,0.50%,0.95%, 35.2 ," 1,890 "," 2,227 "," 2,042 "," 6,572 "," 6,717 "," 8,173 ",1.91%,18.63%,10,67,149,39,53,122,14,28,60.3,
73,The Bank of Houston,Houston," 60,320 ",06/04/1889,Summit Bancshares Inc,State,No,0.78%,5.72%,13.27%,13.18%,1," 41,659 ", 20 ," 3,016 ", 127.6 ," 60,320 ",8.37%,13.55%,2.15%,-0.70%,115.61%,1.99%,5.85%,0.00%,16.58%,11.45%,18.81%,0.05%,2.19%,225.8,4.54%,0.50%,1.33%,6.37%,79.16%,0 ,3.50%,0.58%,0.00%,0.22%,0.00%,1.39%,0.22%, 5.4 , 71 , 123 , 107 ," 1,293 ", 435 , 438 ,0.78%,5.72%,3,8,201,176,79,32,144,184,103.4,
74,Bank of Iberia,Iberia," 66,327 ",10/01/1899,Milco Bcorp Inc,State,No,0.59%,8.21%,8.67%,7.61%,2," 30,146 ", 19 ," 3,491 ", 69.2 ," 66,327 ",7.28%,6.23%,0.85%,1.39%,61.93%,1.22%,4.11%,37.56%,0.00%,0.00%,21.63%,0.52%,0.65%,163.6,2.00%,0.42%,1.52%,3.94%,82.87%,0 ,1.32%,0.00%,1.66%,0.40%,0.03%,7.39%,2.09%, 1.9 , 69 , 115 , 37 , 242 , 226 , 386 ,0.59%,8.21%,32,60,196,190,174,170,167,152,142.6,
75,Blue Ridge Bank and Trust Co.,Independence," 814,293 ",09/08/1958,Blue Ridge Bancshares Inc,State,No,0.81%,10.66%,8.50%,7.57%,8," 87,780 ", 123 ," 6,620 ", 89.9 ," 814,293 ",5.40%,11.91%,1.89%,6.43%,80.25%,1.47%,3.09%,104.28%,5.64%,0.00%,31.90%,0.39%,0.84%,245.5,1.44%,0.39%,0.80%,2.62%,66.66%,0 ,1.51%,0.24%,0.13%,0.13%,0.24%,1.69%,0.50%, 14.2 ," 1,547 "," 1,623 "," 1,743 "," 4,795 "," 6,298 "," 6,210 ",0.81%,10.66%,127,36,128,127,92,78,140,121,106.1,
76,Peoples Bank of Moniteau County,Jamestown," 70,435 ",01/13/1941,Jamestown Bancshares Inc,State,No,1.14%,14.97%,10.83%,8.17%,2," 29,630 ", 13 ," 5,418 ", 65.8 ," 70,435 ",5.81%,5.72%,2.08%,7.00%,72.32%,2.37%,3.13%,8.21%,7.20%,0.00%,27.04%,0.30%,0.77%,196.1,1.29%,0.48%,0.59%,2.36%,60.61%,0 ,1.45%,0.04%,0.42%,0.79%,0.09%,8.72%,1.30%, 20.5 , 50 , 163 , 267 , 700 , 509 , 755 ,1.14%,14.97%,121,42,85,74,177,145,84,51,97.4,
77,"Farmers Bank of Lohman, Missouri",Jefferson City," 74,497 ",02/23/1909,,State,No,0.82%,6.80%,17.12%,13.19%,2," 32,235 ", 9 ," 8,277 ", 60.3 ," 74,497 ",5.23%,2.43%,0.99%,0.36%,37.34%,2.04%,2.52%,21.14%,0.00%,0.00%,24.18%,0.07%,0.13%,213.8,0.73%,0.32%,0.54%,1.59%,59.98%,170 ,0.85%,0.01%,0.34%,0.23%,0.02%,1.69%,0.59%, 14.4 , 172 , 152 , 130 , 713 , 707 , 615 ,0.82%,6.80%,190,193,7,70,92,93,138,167,118.8,
78,Hawthorn Bank,Jefferson City," 1,867,686 ",01/01/1911,Hawthorn Bancshares Inc,State,No,0.24%,2.72%,10.31%,9.32%,19," 83,042 ", 281 ," 6,647 ", 99.0 ," 1,867,686 ",5.45%,0.87%,2.29%,-3.47%,96.29%,2.23%,3.29%,197.07%,5.73%,0.01%,25.93%,0.15%,0.38%,249.5,1.44%,0.32%,0.88%,2.64%,71.87%,932 ,1.54%,0.14%,0.23%,0.39%,0.02%,4.37%,0.64%, (21.9)," 5,444 "," 3,769 "," (6,151)"," 25,201 "," 22,733 "," 4,567 ",0.24%,2.72%,102,120,129,152,137,97,194,194,140.6,
79,Mid America Bank,Jefferson City," 958,520 ",04/12/1914,Friendship Bancshares Inc,State,Yes,1.50%,12.93%,10.93%,11.05%,10," 81,210 ", 142 ," 6,750 ", 96.6 ," 958,520 ",5.88%,-0.20%,2.00%,3.19%,87.47%,2.75%,4.01%,50.37%,3.21%,3.08%,25.84%,0.16%,0.39%,266.4,1.58%,0.18%,0.70%,2.46%,55.76%,0 ,1.08%,-0.01%,0.22%,0.18%,0.03%,1.52%,0.43%, 29.4 ," 5,039 "," 4,097 "," 4,175 "," 9,580 "," 12,440 "," 16,081 ",1.50%,12.93%,35,116,107,49,81,68,40,77,71.6,
80,Midwest Independent BankersBank,Jefferson City," 316,931 ",01/07/1985,Midwest Ind Bancshares Inc,State,No,0.95%,7.03%,14.01%,13.13%,2," 104,876 ", 32 ," 9,904 ", 127.8 ," 316,931 ",5.26%,6.17%,4.04%,11.01%,91.14%,3.54%,3.13%,59.91%,17.35%,19.96%,50.00%,1.40%,1.70%,462.3,1.33%,0.15%,2.09%,3.57%,73.96%,0 ,2.31%,-0.06%,0.00%,0.00%,-0.04%,0.00%,0.00%, 22.0 , 751 , 707 , 704 ," 3,697 "," 3,252 "," 2,921 ",0.95%,7.03%,121,15,192,159,2,1,112,166,96.0,
81,The Central Trust Bank,Jefferson City," 19,000,390 ",02/03/1902,Central Bancompany Inc,State,No,1.27%,15.90%,8.16%,8.41%,147," 102,514 "," 2,849 "," 6,669 ", 91.8 ," 19,000,390 ",5.66%,2.37%,1.31%,-3.76%,75.33%,1.99%,3.06%,137.73%,11.61%,0.00%,36.37%,0.30%,1.14%,281.7,1.36%,0.23%,0.77%,2.36%,56.27%,"4,344 ",1.35%,0.09%,0.28%,0.13%,0.12%,1.62%,0.53%, 15.4 ," 71,286 "," 64,933 "," 43,879 "," 258,051 "," 258,829 "," 243,230 ",1.27%,15.90%,133,22,85,52,86,83,62,43,70.8,
82,Jonesburg State Bank,Jonesburg," 131,417 ",02/21/1921,Montgomery Bancshares Inc,State,Yes,1.34%,16.72%,8.57%,8.19%,3," 39,295 ", 25 ," 5,257 ", 77.9 ," 131,417 ",5.44%,9.49%,1.00%,0.89%,76.46%,2.83%,3.99%,71.14%,1.52%,0.00%,31.16%,0.16%,0.42%,226.3,1.52%,0.32%,0.87%,2.71%,61.45%,0 ,1.13%,0.04%,0.00%,0.00%,0.01%,0.03%,0.01%, 22.4 , 389 , 597 , 560 ," 1,602 "," 1,791 "," 2,166 ",1.34%,16.72%,38,109,142,78,28,8,57,35,61.9,
83,Exchange Bank of Northeast Missouri,Kahoka," 222,229 ",09/08/1903,Lincoln County Bcorp Inc,State,Yes,1.00%,12.21%,10.38%,8.91%,7," 28,807 ", 48 ," 4,630 ", 67.0 ," 222,229 ",5.41%,6.86%,1.47%,2.23%,70.46%,3.48%,3.55%,26.12%,0.00%,0.00%,28.25%,0.09%,0.41%,180.8,1.46%,0.29%,0.84%,2.59%,65.50%,0 ,1.34%,0.08%,0.42%,2.00%,0.00%,20.70%,2.42%, 9.3 , 746 , 727 , 448 ," 1,592 "," 2,333 "," 2,757 ",1.00%,12.21%,75,110,125,114,198,177,104,88,123.9,
84,Kahoka State Bank,Kahoka," 61,782 ",01/02/1968,,State,No,0.19%,2.10%,9.45%,9.30%,3," 18,524 ", 16 ," 3,861 ", 61.9 ," 61,782 ",5.40%,-6.32%,1.34%,0.06%,58.51%,2.48%,3.02%,38.46%,0.00%,0.00%,8.85%,0.22%,0.48%,132.9,1.63%,0.33%,1.04%,3.00%,85.64%,0 ,1.48%,0.13%,4.25%,1.51%,0.49%,9.39%,6.25%, (3.0), -   , 114 , (48), 73 , 168 , 117 ,0.19%,2.10%,141,90,166,192,180,201,195,196,170.1,
85,"Peoples Bank of Wyaconda, Missouri",Kahoka," 135,226 ",12/17/1914,Clark County Bancshares Inc,State,No,0.72%,8.06%,10.30%,9.01%,3," 39,809 ", 26 ," 5,201 ", 64.6 ," 135,226 ",5.99%,7.29%,1.91%,3.54%,71.35%,1.98%,2.90%,84.75%,2.22%,1.52%,12.57%,0.18%,0.21%,157.3,1.27%,0.11%,0.64%,2.03%,65.27%,148 ,1.94%,0.11%,0.91%,0.20%,0.00%,1.08%,1.11%, 5.7 , 340 , 225 , 147 ," 1,246 "," 1,031 ", 944 ,0.72%,8.06%,155,179,36,111,72,135,155,154,124.6,
86,"Academy Bank, National Association",Kansas City," 2,602,411 ",06/15/1966,Dickinson Financial Corp Ii,Federal,No,0.99%,6.53%,15.86%,15.22%,71," 29,228 ", 510 ," 5,103 ", 91.5 ," 2,602,411 ",6.00%,6.21%,2.99%,4.39%,95.48%,1.70%,3.23%,39.65%,2.93%,1.93%,19.04%,1.08%,1.74%,246.2,1.84%,0.46%,1.11%,3.40%,68.57%,436 ,1.39%,0.26%,0.15%,0.85%,0.14%,5.62%,1.14%, 9.4 ," 8,673 "," 6,232 "," 4,775 "," 36,486 "," 29,834 "," 25,218 ",0.99%,6.53%,111,12,186,135,154,136,106,178,127.3,
87,Central Bank of Kansas City,Kansas City," 387,790 ",08/10/1950,Central Bancshares Ks Cty Inc,State,Yes,3.12%,23.29%,13.09%,12.74%,1," 330,608 ", 42 ," 9,233 ", 112.9 ," 387,790 ",5.38%,19.90%,2.28%,2.82%,77.82%,3.08%,4.01%,99.44%,0.00%,22.78%,35.66%,0.13%,2.09%,527.0,1.31%,0.11%,0.63%,2.04%,33.50%,0 ,1.28%,0.01%,0.14%,0.00%,-0.01%,0.00%,0.14%, 72.1 ," 4,918 "," 3,476 "," 3,027 "," 15,360 "," 26,485 "," 14,205 ",3.12%,23.29%,35,9,37,5,2,25,3,13,16.1,
88,Commerce Bank,Kansas City," 31,504,301 ",02/21/1984,Commerce Bancshares Inc,State,No,1.38%,21.27%,9.56%,7.59%,139," 184,880 "," 4,517 "," 6,975 ", 120.0 ," 31,504,301 ",6.03%,5.50%,1.87%,-2.75%,66.34%,2.13%,2.98%,61.10%,9.40%,0.00%,32.34%,0.35%,1.72%,343.2,1.63%,0.22%,0.91%,2.76%,58.81%,"1,307 ",0.94%,0.13%,0.56%,0.10%,0.19%,5.77%,0.85%, 23.2 ," 129,940 "," 113,501 "," 104,884 "," 508,431 "," 465,703 "," 458,263 ",1.38%,21.27%,148,13,145,63,157,111,47,21,88.1,
89,Country Club Bank,Kansas City," 2,197,073 ",12/02/1905,Ccb Financial Corp,State,Yes,0.94%,12.26%,9.83%,8.24%,23," 74,791 ", 422 ," 5,206 ", 123.5 ," 2,197,073 ",5.82%,1.72%,0.89%,-10.24%,74.88%,1.28%,3.29%,51.31%,11.79%,2.62%,43.45%,0.24%,1.86%,264.4,2.41%,0.32%,1.09%,3.82%,74.03%,"1,714 ",1.22%,0.06%,0.24%,0.61%,0.08%,6.78%,0.93%, 11.1 ," 9,037 "," 6,785 "," 4,690 "," 33,720 "," 31,371 "," 25,335 ",0.94%,12.26%,102,10,194,160,168,121,113,87,119.4,
90,Lead Bank,Kansas City," 935,862 ",01/12/1928,Luna Parent Inc,State,No,1.83%,13.69%,10.08%,14.41%,2," 382,100 ", 157 ," 5,961 ", 115.3 ," 935,862 ",14.41%,12.14%,0.39%,13.31%,90.01%,4.43%,10.98%,0.00%,1.12%,28.17%,36.04%,1.18%,4.44%,913.4,1.95%,0.14%,10.71%,12.80%,83.02%,800 ,0.50%,0.11%,6.12%,1.60%,0.32%,3.76%,8.04%, 33.2 , 959 ," 5,328 "," 5,212 "," 8,345 "," 2,196 "," 17,037 ",1.83%,13.69%,2,3,203,191,129,203,19,67,102.1,
91,"UMB Bank, National Association",Kansas City," 43,729,953 ",08/28/1902,Umb Financial Corp,Federal,No,0.87%,12.13%,8.52%,7.14%,90," 399,331 "," 2,785 "," 15,702 ", 149.5 ," 43,729,953 ",6.27%,10.15%,3.04%,9.47%,63.88%,2.54%,2.40%,16.48%,8.96%,5.25%,34.15%,0.24%,1.01%,483.2,1.04%,0.17%,0.99%,2.19%,64.16%,"1,738 ",0.95%,0.10%,0.05%,0.04%,0.05%,0.45%,0.14%, 25.0 ," 105,016 "," 96,117 "," 69,551 "," 343,084 "," 389,567 "," 348,973 ",0.87%,12.13%,197,24,63,99,52,25,128,89,84.6,
92,Kearney Trust Company,Kearney," 291,069 ",06/10/1882,Trustco Bankshares Inc,State,Yes,1.18%,16.22%,9.94%,8.19%,2," 132,429 ", 35 ," 8,316 ", 90.7 ," 291,069 ",6.15%,9.04%,1.55%,0.54%,60.00%,1.76%,3.28%,42.44%,0.00%,0.00%,26.93%,0.08%,0.39%,299.8,1.10%,0.13%,0.84%,2.07%,56.28%,0 ,1.46%,0.06%,0.44%,0.10%,0.03%,1.12%,0.57%, 24.3 , 594 ," 1,159 ", 851 ," 3,442 "," 3,474 "," 4,222 ",1.18%,16.22%,105,116,39,53,73,90,74,38,73.5,
93,First Missouri Bank of SEMO,Kennett," 217,179 ",01/18/1965,First Malden Bancshares Inc,State,Yes,3.42%,33.67%,10.75%,10.85%,3," 64,323 ", 42 ," 5,171 ", 74.3 ," 217,179 ",6.04%,8.29%,1.38%,1.45%,85.49%,2.73%,4.59%,60.98%,0.00%,0.00%,31.41%,0.13%,2.69%,365.3,1.48%,0.28%,0.95%,2.70%,37.14%,0 ,2.06%,0.25%,0.30%,0.62%,-0.03%,4.70%,0.92%, 40.1 ," 1,405 "," 4,666 "," 1,684 "," 4,303 "," 4,063 "," 9,102 ",3.42%,33.67%,14,7,141,7,142,120,1,7,54.9,
94,Kennett Trust Bank,Kennett," 132,119 ",09/07/1963,Kennett Bancshares Inc,State,No,0.53%,6.46%,10.29%,8.59%,1," 114,338 ", 20 ," 6,606 ", 87.1 ," 132,119 ",5.41%,-3.33%,2.33%,-7.35%,67.77%,4.66%,3.19%,54.39%,4.62%,16.62%,10.86%,0.39%,0.53%,239.3,1.31%,0.85%,0.57%,2.74%,73.43%,0 ,1.02%,0.02%,3.85%,0.21%,0.08%,0.86%,4.14%, 12.6 , 339 , 148 , 251 , 809 , 710 , 706 ,0.53%,6.46%,115,81,144,155,65,197,176,179,139.0,
95,Table Rock Community Bank,Kimberling City," 165,568 ",08/28/2006,Alton Bancshares Inc,State,Yes,1.22%,12.46%,8.76%,9.71%,3," 49,612 ", 32 ," 5,174 ", 65.9 ," 165,568 ",6.06%,16.49%,1.25%,-1.69%,70.33%,3.49%,3.96%,57.31%,0.00%,0.00%,11.78%,0.10%,0.33%,209.2,1.34%,0.24%,1.09%,2.67%,62.24%,0 ,1.11%,0.07%,2.68%,0.00%,0.05%,0.26%,2.73%, 17.4 , 590 , 494 , 557 ," 1,317 "," 1,384 "," 2,352 ",1.22%,12.46%,41,144,137,86,43,181,68,84,98.0,
96,Bank of Kirksville,Kirksville," 407,398 ",01/01/1913,Rockhold Bcorp,State,Yes,1.09%,9.47%,15.15%,13.53%,8," 42,881 ", 59 ," 6,905 ", 62.4 ," 407,398 ",5.61%,-7.24%,1.24%,-16.89%,35.21%,1.54%,2.77%,22.03%,2.18%,0.00%,29.28%,0.11%,0.30%,225.4,0.84%,0.31%,0.54%,1.69%,55.15%,0 ,1.56%,0.00%,0.30%,0.04%,-0.02%,3.26%,0.34%, 19.8 ," (1,322)", 909 ," 1,168 "," 3,330 ", 158 ," 5,902 ",1.09%,9.47%,169,152,12,45,122,54,92,132,97.3,
97,Northeast Missouri State Bank,Kirksville," 136,392 ",12/20/1933,Schuyler County Bancshares Inc,State,Yes,0.76%,10.41%,12.11%,8.15%,2," 62,350 ", 15 ," 9,093 ", 91.7 ," 136,392 ",5.95%,6.74%,1.76%,4.90%,44.80%,1.93%,2.43%,67.33%,0.00%,0.00%,29.18%,0.13%,0.21%,225.4,1.04%,0.17%,0.48%,1.68%,63.78%,0 ,1.45%,0.00%,0.35%,0.02%,-0.02%,0.21%,0.37%, 19.1 , 457 , 223 , 287 ," 1,986 "," 1,798 "," 1,151 ",0.76%,10.41%,195,179,11,93,38,59,148,124,105.9,
98,Lamar Bank and Trust Company,Lamar," 241,569 ",03/25/1925,Lamar Trust Bancshares Inc,State,Yes,1.51%,20.99%,10.61%,7.45%,1," 204,062 ", 35 ," 6,902 ", 97.1 ," 241,569 ",5.75%,-0.21%,2.16%,-1.86%,80.40%,2.07%,3.48%,80.67%,6.90%,1.98%,21.66%,0.37%,0.69%,277.9,1.46%,0.11%,0.77%,2.34%,55.98%,0 ,1.20%,-0.06%,0.05%,0.09%,0.01%,1.15%,0.15%, 32.3 ," 1,118 "," 1,122 "," 1,131 "," 4,079 "," 4,118 "," 4,445 ",1.51%,20.99%,82,52,84,51,74,27,37,22,53.6,
99,Goppert Financial Bank,Lathrop," 257,801 ",09/28/1879,Goppert Financial Corp,State,No,1.24%,13.85%,9.70%,9.52%,4," 55,680 ", 33 ," 7,812 ", 100.9 ," 257,801 ",6.01%,13.78%,1.89%,5.24%,62.96%,2.95%,3.42%,21.03%,3.75%,0.00%,25.68%,0.06%,0.29%,285.8,1.30%,0.20%,0.51%,2.00%,54.15%,0 ,1.03%,0.10%,0.00%,0.00%,0.00%,0.00%,0.00%, 29.1 , 529 , 830 , 961 ," 1,452 "," 1,864 "," 3,176 ",1.24%,13.85%,88,158,32,43,2,1,63,63,56.3,
100,Heritage Bank of the Ozarks,Lebanon," 315,978 ",09/22/2003,Cornerstone Bancshares Inc,State,No,0.87%,11.42%,8.98%,7.48%,3," 91,358 ", 58 ," 5,448 ", 90.2 ," 315,978 ",5.92%,17.07%,2.20%,18.86%,87.69%,2.67%,3.46%,32.82%,4.12%,5.11%,20.62%,0.14%,0.80%,212.8,1.80%,0.27%,0.98%,3.05%,71.60%,117 ,1.10%,0.09%,0.49%,0.38%,0.02%,5.90%,0.89%, 12.8 , 515 , 669 , 742 ," 3,347 "," 2,782 "," 2,535 ",0.87%,11.42%,85,41,173,150,159,117,128,105,119.8,
101,First Federal Bank of Kansas City,Lees Summit," 960,134 ",07/01/1934,,State,No,0.06%,0.53%,12.93%,11.26%,10," 63,643 ", 138 ," 6,957 ", 104.8 ," 960,134 ",5.58%,-1.30%,2.57%,4.64%,114.89%,2.29%,2.85%,0.00%,20.83%,4.69%,8.57%,0.12%,0.94%,259.2,1.53%,0.28%,1.02%,2.84%,74.98%,690 ,2.44%,1.06%,0.75%,0.57%,1.38%,3.23%,2.70%, 6.2 , 750 ," (1,231)", 853 ," 2,221 "," 3,542 ", 564 ,0.06%,0.53%,162,27,152,163,121,180,200,199,150.5,
102,Midwest BankCentre,Lemay," 2,753,012 ",03/01/1906,Stupp Bros Inc,State,No,0.99%,9.61%,10.22%,10.40%,17," 135,193 ", 284 ," 9,694 ", 126.4 ," 2,753,012 ",5.56%,5.27%,1.96%,8.23%,92.12%,2.96%,3.26%,33.82%,4.24%,0.59%,4.02%,0.12%,0.54%,358.8,1.34%,0.16%,0.70%,2.20%,57.93%,560 ,1.32%,0.28%,0.94%,0.44%,0.25%,3.65%,1.63%, 19.9 ," 6,033 "," 6,251 "," 5,651 "," 23,776 "," 24,308 "," 26,610 ",0.99%,9.61%,108,78,65,58,125,156,106,131,103.4,
103,United State Bank,Lewistown," 269,388 ",09/08/1928,River Valley Bancshares Inc,State,Yes,1.38%,16.18%,8.51%,8.20%,6," 40,887 ", 54 ," 4,989 ", 65.3 ," 269,388 ",6.11%,4.96%,2.15%,14.65%,81.60%,2.41%,3.73%,77.29%,0.24%,0.00%,15.83%,0.10%,0.33%,192.7,1.37%,0.22%,0.79%,2.37%,58.44%,5 ,1.41%,-0.25%,0.39%,0.02%,-0.03%,0.23%,0.41%, 13.6 , 941 ," 1,172 ", 733 ," 3,170 "," 3,500 "," 4,346 ",1.38%,16.18%,65,144,87,61,41,63,47,39,68.4,
104,Clay County Savings Bank,Liberty," 152,422 ",01/01/1922,Ccsb Financial Corp,State,No,0.01%,0.16%,7.73%,6.84%,3," 38,481 ", 32 ," 4,763 ", 76.8 ," 152,422 ",4.71%,4.24%,1.43%,-16.27%,86.87%,1.96%,2.46%,781.25%,17.22%,0.00%,18.17%,0.06%,0.34%,137.3,1.57%,0.31%,0.98%,2.86%,101.89%,0 ,1.11%,0.00%,0.08%,0.12%,0.12%,1.65%,0.32%, 2.8 , 123 , 1 , 91 , 459 , 540 , 16 ,0.01%,0.16%,194,136,153,201,88,52,201,200,153.1,
105,Legends Bank,Linn," 514,016 ",03/17/1913,Linn Holding Co,State,No,1.80%,11.48%,16.68%,16.26%,10," 42,322 ", 92 ," 5,587 ", 73.3 ," 514,016 ",5.91%,10.15%,1.15%,3.40%,88.27%,1.61%,4.12%,5.54%,0.86%,0.00%,27.13%,0.26%,0.48%,246.9,1.36%,0.24%,0.58%,2.17%,47.29%,0 ,1.16%,0.06%,0.80%,0.32%,0.03%,0.91%,1.15%, 28.0 ," 2,064 "," 2,426 "," 2,577 "," 6,871 "," 7,091 "," 8,934 ",1.80%,11.48%,31,90,57,22,69,137,20,102,66.0,
106,MA Bank,Macon," 354,362 ",01/01/1893,Macon-Atlanta Bcorp Inc,State,Yes,0.84%,10.80%,10.04%,8.32%,2," 158,139 ", 66 ," 5,369 ", 71.3 ," 354,362 ",5.82%,3.82%,1.28%,-0.95%,54.21%,2.11%,3.00%,54.35%,1.65%,0.00%,23.67%,0.09%,0.58%,186.2,1.35%,0.21%,0.91%,2.47%,68.98%,0 ,1.40%,0.04%,0.68%,0.14%,0.05%,4.57%,0.87%, 10.9 , 714 ," 1,027 ", 719 ," 3,218 "," 2,872 "," 3,542 ",0.84%,10.80%,144,73,110,136,138,114,132,117,120.5,
107,Alliant Bank,Madison," 203,635 ",02/20/1888,Nemo Bancshares Inc,State,Yes,1.03%,11.00%,10.09%,9.81%,5," 36,568 ", 58 ," 3,511 ", 74.8 ," 203,635 ",5.50%,0.55%,1.42%,1.46%,88.64%,2.49%,4.14%,64.30%,0.00%,0.00%,34.80%,0.23%,0.82%,176.0,2.10%,0.36%,1.19%,3.65%,73.63%,0 ,1.27%,0.02%,0.13%,0.09%,0.00%,0.85%,0.22%, 10.4 , 537 , 781 , 605 ," 2,770 "," 2,450 "," 2,560 ",1.03%,11.00%,30,37,193,157,64,32,100,111,90.5,
108,HomePride Bank,Mansfield," 119,866 ",03/03/1892,Banc 60 Inc,State,Yes,0.69%,7.60%,9.80%,9.35%,4," 24,188 ", 38 ," 3,154 ", 45.5 ," 119,866 ",5.71%,1.56%,2.20%,-2.45%,100.74%,1.61%,3.55%,69.25%,9.59%,0.00%,31.69%,0.12%,0.41%,125.7,1.43%,0.33%,1.16%,2.92%,73.71%,0 ,1.25%,0.03%,2.69%,1.24%,0.02%,12.66%,3.95%, 1.9 , 454 , 241 , 73 , 983 ," 2,029 "," 1,057 ",0.69%,7.60%,75,110,158,158,193,195,162,160,151.4,
109,CNB St Louis Bank,Maplewood," 765,984 ",01/01/1915,Cardinal Bcorp Inc,State,Yes,0.75%,13.43%,8.64%,6.03%,6," 107,413 ", 85 ," 9,012 ", 89.9 ," 765,984 ",5.55%,3.86%,2.79%,10.34%,88.74%,2.16%,2.76%,54.88%,9.14%,8.22%,22.16%,0.09%,0.21%,268.3,0.99%,0.23%,0.70%,1.91%,64.24%,0 ,1.76%,0.09%,0.46%,0.52%,0.00%,6.57%,0.98%, 20.5 ," 2,894 "," 1,878 "," 1,745 "," 11,669 "," 10,338 "," 7,104 ",0.75%,13.43%,171,179,25,100,164,126,149,71,123.1,
110,Regional Missouri Bank,Marceline," 508,157 ",05/13/1908,Rmb Bancshares Inc,State,Yes,1.16%,12.50%,10.97%,10.01%,9," 49,390 ", 97 ," 5,239 ", 73.2 ," 508,157 ",5.79%,3.01%,2.23%,-9.57%,84.90%,1.84%,3.31%,58.53%,2.11%,5.80%,20.87%,0.09%,0.41%,196.2,1.37%,0.23%,0.61%,2.21%,59.47%,0 ,1.02%,0.04%,0.87%,0.15%,0.00%,2.92%,1.02%, 14.8 ," 1,893 "," 2,028 "," 1,439 "," 8,297 "," 7,688 "," 7,370 ",1.16%,12.50%,101,110,66,68,118,128,81,83,94.4,
111,Community Bank of Marshall,Marshall," 227,328 ",05/01/1978,Marshall Cmty Bancshares Inc,State,No,0.84%,13.06%,9.34%,6.99%,5," 41,991 ", 36 ," 6,315 ", 64.6 ," 227,328 ",5.64%,0.93%,1.96%,2.10%,45.86%,2.81%,2.57%,25.47%,0.00%,0.00%,16.54%,0.15%,0.60%,193.1,1.05%,0.24%,0.76%,2.05%,64.55%,0 ,1.38%,0.08%,0.30%,0.00%,-0.02%,0.05%,0.30%, 13.7 , 505 , 426 , 492 ," 1,975 "," 1,671 "," 1,845 ",0.84%,13.06%,186,70,38,102,31,48,132,75,85.3,
112,Wood & Huston Bank,Marshall," 1,217,898 ",02/12/1874,Wood&Huston Bcorp Inc,State,Yes,0.86%,10.84%,9.83%,8.15%,12," 92,372 ", 185 ," 6,583 ", 78.4 ," 1,217,898 ",5.88%,4.51%,2.61%,7.89%,81.86%,1.43%,2.62%,21.01%,0.27%,2.71%,14.45%,0.34%,0.71%,204.8,1.26%,0.20%,0.69%,2.15%,64.63%,267 ,1.37%,0.11%,0.25%,0.17%,0.04%,1.82%,0.46%, 15.0 ," 2,507 "," 3,455 "," 2,773 "," 19,033 "," 12,788 "," 12,154 ",0.86%,10.84%,179,50,56,103,96,73,131,114,100.3,
113,The Nodaway Valley Bank,Maryville," 1,399,000 ",12/12/1868,Nodaway Valley Bancshares Inc,State,Yes,1.65%,29.93%,10.83%,6.84%,10," 119,142 ", 167 ," 8,377 ", 113.0 ," 1,399,000 ",5.74%,10.93%,0.83%,-0.52%,74.31%,2.04%,3.67%,52.26%,7.26%,0.00%,30.98%,0.22%,0.90%,388.6,1.32%,0.24%,0.86%,2.43%,53.23%,185 ,1.28%,0.05%,0.09%,0.01%,-0.03%,0.21%,0.10%, 42.6 ," 7,480 "," 7,364 "," 7,117 "," 17,832 "," 23,364 "," 29,546 ",1.65%,29.93%,69,29,99,41,38,20,25,8,41.1,
114,Independent Farmers Bank,Maysville," 154,854 ",03/12/1920,Farmers Bancshares Inc,State,No,1.03%,23.31%,8.84%,5.18%,3," 47,950 ", 30 ," 5,162 ", 84.6 ," 154,854 ",7.32%,2.56%,1.67%,-1.53%,56.77%,2.31%,3.61%,61.05%,1.70%,0.00%,21.58%,0.18%,0.29%,201.6,1.58%,0.24%,0.59%,2.41%,61.78%,0 ,1.08%,0.07%,0.22%,0.00%,0.06%,0.89%,0.28%, 14.7 , 485 , 361 , 442 ," 1,563 "," 1,802 "," 1,656 ",1.03%,23.31%,71,158,94,82,66,40,100,12,77.9,
115,Community Bank of Memphis,Memphis," 50,634 ",03/20/1999,Clark County Bancshares Inc,State,No,0.82%,6.59%,13.76%,13.75%,1," 43,531 ", 9 ," 5,626 ", 63.8 ," 50,634 ",5.50%,0.95%,1.06%,-6.71%,59.56%,1.35%,2.87%,13.69%,0.00%,0.00%,31.40%,0.11%,0.13%,175.4,1.09%,0.39%,0.39%,1.87%,62.38%,0 ,2.53%,0.06%,0.00%,0.00%,0.03%,0.00%,0.03%, 11.2 , 107 , 97 , 101 , 442 , 349 , 431 ,0.82%,6.59%,159,193,21,87,2,12,138,173,98.1,
116,UNICO Bank,Mineral Point," 477,243 ",01/01/1901,Washco Bancshares Inc,State,Yes,0.45%,6.08%,8.16%,7.49%,14," 30,928 ", 133 ," 3,588 ", 60.7 ," 477,243 ",5.54%,9.72%,2.15%,2.52%,93.70%,1.67%,3.37%,88.99%,1.45%,0.00%,24.91%,0.38%,0.87%,148.4,1.73%,0.38%,1.33%,3.43%,80.94%,43 ,0.69%,0.22%,0.34%,0.81%,0.09%,11.57%,1.24%, 4.7 , 751 , 577 , 628 ," 4,666 "," 3,910 "," 2,635 ",0.45%,6.08%,94,34,188,183,186,140,183,183,148.9,
117,Bank of Monticello,Monticello," 139,381 ",02/27/1928,Monticello Bancshares Inc,State,Yes,1.56%,17.35%,12.37%,10.01%,3," 40,821 ", 27 ," 5,162 ", 65.9 ," 139,381 ",6.57%,-2.02%,1.72%,-4.07%,69.58%,2.59%,3.84%,57.73%,1.63%,0.00%,18.70%,0.13%,0.30%,205.9,1.29%,0.20%,0.62%,2.12%,51.20%,0 ,1.11%,0.06%,3.09%,0.37%,0.02%,3.70%,3.48%, 21.5 , 535 , 670 , 580 ," 2,182 "," 2,243 "," 2,586 ",1.56%,17.35%,56,152,49,33,126,190,34,34,84.3,
118,Montrose Savings Bank,Montrose," 54,001 ",01/01/1895,Montrose Svg Bancshares Inc,State,Yes,1.39%,10.78%,14.20%,13.99%,1," 46,296 ", 7 ," 7,714 ", 83.6 ," 54,001 ",6.06%,6.38%,0.98%,2.13%,59.41%,2.26%,3.41%,66.59%,0.00%,0.00%,23.04%,0.10%,0.13%,268.0,1.06%,0.09%,0.59%,1.73%,49.06%,0 ,1.88%,0.02%,0.26%,0.01%,0.01%,0.00%,0.28%, 29.7 , 170 , 274 , 208 , 784 , 582 , 868 ,1.39%,10.78%,90,193,15,25,2,40,45,119,66.1,
119,Legacy Bank & Trust Company,Mountain Grove," 1,687,753 ",10/17/1907,Century Bancshares Inc,State,No,1.08%,9.65%,11.15%,11.02%,8," 179,255 ", 158 ," 10,682 ", 106.3 ," 1,687,753 ",5.88%,37.83%,3.57%,21.46%,98.11%,4.06%,2.77%,0.00%,1.64%,23.34%,7.93%,0.03%,0.85%,346.4,1.09%,0.16%,0.58%,1.84%,50.85%,0 ,1.13%,0.31%,0.82%,0.80%,0.02%,6.67%,1.64%, 22.8 ," 5,115 "," 4,337 "," 3,595 "," 9,599 "," 13,176 "," 16,558 ",1.08%,9.65%,169,35,20,31,165,157,95,130,100.3,
120,Community Bank and Trust,Neosho," 388,447 ",01/01/1884,Community Bancshares Employee Stk Ownership Plan,State,Yes,0.78%,11.81%,8.20%,6.99%,13," 26,667 ", 122 ," 3,184 ", 62.7 ," 388,447 ",3.98%,2.93%,0.22%,-3.28%,53.28%,1.37%,3.02%,127.94%,3.10%,0.00%,32.18%,0.81%,1.33%,144.0,1.88%,0.35%,1.07%,3.31%,76.01%,0 ,1.00%,0.07%,0.26%,0.06%,0.05%,2.16%,0.37%, 8.4 ," 1,271 "," 1,022 "," 1,020 "," 3,017 "," 2,889 "," 3,908 ",0.78%,11.81%,141,18,185,165,101,59,144,95,113.5,
121,Metz Banking Company,Nevada," 98,558 ",09/14/1906,,State,Yes,0.69%,7.33%,11.44%,9.76%,2," 44,291 ", 15 ," 6,571 ", 93.1 ," 98,558 ",5.36%,6.24%,2.46%,2.76%,81.56%,1.16%,2.92%,48.39%,0.00%,0.00%,33.57%,0.09%,0.17%,199.5,1.43%,0.20%,0.55%,2.17%,70.44%,0 ,1.04%,0.06%,0.48%,0.00%,0.02%,0.00%,0.50%, 11.1 , 203 , 175 , 167 ," 1,208 "," 1,230 ", 839 ,0.69%,7.33%,153,188,57,148,2,78,162,164,119.0,
122,"The First National Bank of Nevada, Missouri",Nevada," 110,842 ",01/01/1889,1889 Bancshares Inc,Federal,No,0.75%,6.67%,15.88%,12.06%,1," 96,781 ", 12 ," 9,237 ", 105.8 ," 110,842 ",6.28%,-2.64%,1.23%,-2.46%,43.50%,1.73%,2.90%,0.00%,0.00%,1.26%,25.57%,0.15%,0.31%,278.8,1.18%,0.33%,0.72%,2.23%,69.42%,0 ,2.02%,-0.12%,0.37%,0.46%,0.03%,0.57%,0.86%, 10.3 , 186 , 150 , 123 , 652 , 737 , 813 ,0.75%,6.67%,155,150,73,138,54,112,149,171,125.3,
123,Bank of New Cambria,New Cambria," 35,216 ",03/18/1933,,State,No,0.69%,8.41%,12.24%,8.97%,2," 15,998 ", 9 ," 3,913 ", 57.8 ," 35,216 ",5.69%,-0.09%,0.31%,-2.40%,28.71%,2.62%,3.64%,46.31%,0.00%,0.00%,47.99%,0.13%,0.21%,149.3,1.46%,0.63%,1.01%,3.10%,80.57%,0 ,2.88%,0.00%,0.05%,0.00%,-0.02%,0.00%,0.05%, 8.6 , 16 , 61 , 77 , (21), (24), 244 ,0.69%,8.41%,70,179,177,182,2,16,162,148,117.0,
124,Citizens Bank,New Haven," 319,752 ",01/01/1934,Citizens Financial Group Inc,State,No,1.09%,9.05%,12.29%,12.19%,4," 69,234 ", 59 ," 5,420 ", 78.6 ," 319,752 ",5.35%,7.63%,2.24%,8.02%,102.02%,3.36%,3.73%,0.00%,0.00%,5.40%,26.35%,0.06%,0.30%,210.6,1.50%,0.37%,0.77%,2.65%,65.74%,0 ,1.69%,-0.01%,0.14%,0.03%,0.00%,0.62%,0.17%, 12.5 , 872 , 873 , 737 ," 2,862 "," 3,272 "," 3,377 ",1.09%,9.05%,65,152,133,117,59,29,92,140,98.4,
125,Bank of New Madrid,New Madrid," 115,489 ",01/01/1933,Dixie Bancshares Corp,State,Yes,1.22%,11.02%,13.61%,11.99%,2," 50,747 ", 28 ," 4,125 ", 60.4 ," 115,489 ",6.22%,9.09%,1.50%,-8.34%,61.06%,2.86%,3.55%,40.96%,0.00%,0.00%,28.38%,0.21%,0.51%,161.0,1.46%,0.19%,0.85%,2.49%,61.46%,0 ,1.42%,0.02%,1.20%,0.18%,0.01%,0.00%,1.39%, 12.3 , 494 , 327 , 345 ," 1,311 "," 1,553 "," 1,587 ",1.22%,11.02%,75,85,115,79,2,149,68,110,85.4,
126,"Home Savings and Loan Association of Carroll County, F.A.",Norborne," 123,267 ",01/01/1919,,Federal,No,0.01%,0.06%,14.37%,13.43%,2," 48,024 ", 13 ," 9,482 ", 120.5 ," 123,267 ",4.95%,6.98%,2.34%,5.55%,87.29%,1.21%,2.10%,0.00%,8.44%,0.00%,2.94%,0.14%,0.15%,208.5,1.29%,0.18%,0.71%,2.18%,96.84%,0 ,1.19%,0.00%,1.63%,0.39%,0.00%,2.88%,2.02%, 10.7 , (19), (212), 139 , (130), 337 , 9 ,0.01%,0.06%,203,192,61,199,116,167,201,201,167.5,
127,Bank of Odessa,Odessa," 556,082 ",01/01/1880,Country Agencies&Investments,State,No,1.45%,10.80%,13.93%,13.72%,3," 150,816 ", 58 ," 9,588 ", 66.0 ," 556,082 ",6.24%,37.05%,3.01%,54.48%,95.35%,1.98%,3.12%,0.00%,4.50%,0.00%,13.17%,0.03%,0.17%,306.2,0.71%,0.12%,0.47%,1.30%,39.70%,0 ,1.36%,0.17%,2.56%,0.67%,0.02%,0.40%,3.25%, 38.5 ," 1,724 "," 2,277 "," 2,231 "," 5,239 "," 6,570 "," 7,863 ",1.45%,10.80%,124,188,3,10,49,187,44,117,90.3,
128,The Bank of Old Monroe,Old Monroe," 725,767 ",09/19/1906,Cuivre River Bancshares Inc,State,Yes,1.76%,49.03%,11.46%,5.32%,5," 133,355 ", 79 ," 9,187 ", 86.4 ," 725,767 ",5.94%,32.87%,1.70%,16.72%,59.00%,3.33%,3.39%,42.80%,1.42%,13.91%,26.44%,0.10%,0.43%,333.6,0.97%,0.22%,0.40%,1.59%,41.67%,0 ,1.43%,0.03%,0.02%,0.00%,0.02%,0.04%,0.04%, 49.6 ," 3,478 "," 4,124 "," 3,915 "," 12,373 "," 12,698 "," 15,097 ",1.76%,49.03%,93,103,7,12,30,14,23,2,35.5,
129,The Bank of Orrick,Orrick," 99,940 ",07/02/1902,Northeast Ks Bancshares Inc,State,No,1.87%,21.67%,9.84%,8.38%,1," 87,031 ", 18 ," 5,552 ", 133.4 ," 99,940 ",115.42%,NA,1.99%,78.97%,75.28%,3.50%,53.07%,15.27%,1.90%,1.47%,32.02%,0.05%,0.13%,"2,073.8",3.42%,0.47%,46.73%,50.62%,95.15%,0 ,0.44%,0.27%,10.55%,0.18%,0.72%,2.10%,11.45%, 26.6 , (11), 460 , 478 , (196), 199 ," 1,310 ",1.87%,21.67%,1,193,205,198,100,205,16,19,117.1,
130,First Bank of the Lake,Osage Beach," 972,834 ",05/15/1987,Fbol Bancshares Inc,State,Yes,1.04%,11.56%,8.33%,7.93%,1," 845,716 ", 194 ," 5,015 ", 85.9 ," 972,834 ",8.63%,88.92%,3.75%,84.28%,106.49%,3.52%,4.84%,6.02%,3.80%,37.32%,2.73%,0.00%,0.23%,181.3,2.40%,0.20%,0.93%,3.53%,69.67%,0 ,0.33%,0.20%,0.47%,1.04%,0.05%,13.04%,1.56%, 22.4 ," 2,171 "," 2,720 "," 4,337 "," 19,888 "," 10,073 "," 9,143 ",1.04%,11.56%,7,170,191,140,194,152,99,99,131.5,
131,St. Clair County State Bank,Osceola," 200,444 ",05/01/1896,Margaret Parker Platter Charitable Tr,State,No,1.62%,12.56%,13.02%,12.70%,3," 57,882 ", 29 ," 6,912 ", 67.8 ," 200,444 ",6.17%,5.16%,1.92%,9.68%,76.59%,1.69%,3.93%,40.19%,0.00%,0.00%,19.83%,0.06%,0.21%,269.3,1.03%,0.31%,0.59%,1.93%,46.65%,0 ,1.24%,0.08%,4.10%,0.29%,0.03%,0.25%,4.42%, 24.1 , (16), 746 , 698 ," 2,505 "," 1,792 "," 3,083 ",1.62%,12.56%,45,179,27,21,42,199,31,82,78.3,
132,Ozark Bank,Ozark," 373,835 ",09/25/1906,,State,Yes,0.89%,14.48%,8.48%,6.03%,4," 87,489 ", 54 ," 6,923 ", 91.9 ," 373,835 ",6.05%,11.59%,2.28%,-4.64%,66.82%,1.98%,3.13%,72.73%,0.00%,0.00%,14.28%,0.08%,0.37%,220.3,1.45%,0.22%,0.63%,2.30%,65.70%,0 ,1.26%,0.07%,0.00%,0.00%,0.00%,0.59%,0.00%, 15.6 ," 1,143 ", 948 , 842 ," 4,105 "," 4,188 "," 3,781 ",0.89%,14.48%,121,129,80,115,55,1,123,54,84.8,
133,Bank Star,Pacific," 184,584 ",01/15/1975,Bancstar Inc,State,No,0.54%,7.47%,7.73%,7.57%,3," 54,803 ", 31 ," 5,954 ", 72.6 ," 184,584 ",5.36%,0.40%,2.05%,0.24%,88.68%,1.81%,3.05%,116.50%,2.93%,9.55%,23.42%,0.13%,0.33%,207.8,1.18%,0.28%,1.09%,2.55%,75.30%,0 ,1.29%,0.12%,0.40%,0.00%,0.01%,0.00%,0.41%, 5.9 , 326 , 304 , 183 ," 2,015 "," 1,563 "," 1,030 ",0.54%,7.47%,137,144,123,164,2,63,175,161,121.1,
134,HomeBank,Palmyra," 582,079 ",06/01/1934,Byron B Webb Inc,State,Yes,1.32%,15.44%,9.61%,8.81%,10," 50,222 ", 121 ," 4,811 ", 84.6 ," 582,079 ",5.67%,12.16%,1.60%,10.63%,93.96%,1.80%,3.88%,40.29%,3.69%,0.00%,23.15%,0.10%,0.88%,216.1,1.85%,0.36%,0.77%,2.98%,62.77%,0 ,1.01%,0.09%,0.05%,0.04%,0.02%,0.44%,0.11%, 20.1 ," 2,107 "," 3,204 "," 2,432 "," 7,310 "," 6,297 "," 9,158 ",1.32%,15.44%,51,33,164,89,51,21,59,46,64.3,
135,TPNB Bank,Paris," 112,162 ",10/01/1865,Paris Bancshares Inc,State,No,0.57%,5.29%,14.92%,10.70%,2," 46,338 ", 14 ," 8,012 ", 82.7 ," 112,162 ",5.35%,8.55%,2.10%,4.55%,62.07%,2.15%,2.62%,0.00%,6.17%,1.62%,16.21%,0.11%,0.26%,207.0,1.12%,0.19%,0.71%,2.01%,70.06%,0 ,1.31%,0.00%,0.82%,0.00%,0.00%,0.31%,0.82%, 9.1 , 237 , 105 , 127 ," 1,124 ", 990 , 587 ,0.57%,5.29%,179,165,34,143,46,110,173,187,129.6,
136,The Bank of Missouri,Perryville," 2,920,304 ",11/07/1891,Reliable Cmty Bancshares Inc,State,No,0.73%,6.55%,10.63%,11.25%,26," 91,601 ", 541 ," 5,398 ", 107.7 ," 2,920,304 ",5.42%,6.59%,2.18%,4.44%,82.78%,2.02%,2.58%,80.74%,6.17%,4.05%,23.16%,0.22%,1.78%,230.4,2.01%,0.25%,1.15%,3.42%,78.50%,431 ,0.96%,-0.01%,0.21%,0.21%,0.17%,1.70%,0.59%, 6.9 ," 6,324 "," 5,720 "," 3,735 "," 37,886 "," 34,115 "," 21,056 ",0.73%,6.55%,183,11,187,172,94,93,153,177,133.8,
137,Citizens Community Bank,Pilot Grove," 126,977 ",08/26/1913,Bancorp Ii Inc,State,No,1.00%,9.19%,12.56%,11.36%,3," 37,432 ", 23 ," 5,521 ", 67.6 ," 126,977 ",5.60%,1.47%,1.89%,0.20%,76.89%,1.18%,3.29%,37.38%,0.00%,0.00%,31.32%,0.38%,0.44%,203.3,1.24%,0.21%,1.00%,2.45%,65.47%,0 ,1.38%,0.00%,1.07%,0.14%,-0.01%,2.34%,1.21%, 18.7 , 319 , 329 , 431 , 812 ," 1,078 "," 1,252 ",1.00%,9.19%,102,97,105,113,106,138,104,135,112.5,
138,Connections Bank,Platte City," 482,789 ",03/07/1934,Wells Bancshares Inc,State,No,1.36%,13.33%,9.47%,10.00%,11," 38,475 ", 80 ," 6,035 ", 68.9 ," 482,789 ",5.52%,39.35%,1.90%,25.74%,94.05%,4.87%,3.79%,48.94%,2.07%,2.37%,23.76%,0.10%,0.27%,240.0,1.17%,0.24%,0.69%,2.10%,51.64%,0 ,1.05%,0.20%,0.16%,0.00%,0.01%,0.00%,0.17%, 23.3 ," 1,898 "," 1,484 "," 1,860 "," 6,306 "," 7,038 "," 6,436 ",1.36%,13.33%,61,163,46,35,2,29,54,73,57.9,
139,Community Bank of Pleasant Hill,Pleasant Hill," 136,159 ",12/04/2006,Arcadia Financial Corp,State,No,0.70%,38.05%,9.34%,2.51%,1," 132,458 ", 17 ," 8,009 ", 85.0 ," 136,159 ",6.67%,14.48%,2.12%,7.03%,26.43%,2.50%,2.06%,0.00%,0.00%,0.00%,25.68%,0.25%,1.50%,270.8,1.11%,0.30%,1.25%,2.66%,74.59%,0 ,0.59%,0.01%,0.13%,0.01%,0.42%,0.00%,0.56%, 12.2 , 136 , 154 , 207 ," 1,097 ", 798 , 914 ,0.70%,38.05%,204,17,135,162,2,88,161,4,96.6,
140,First Midwest Bank of the Ozarks,Poplar Bluff," 728,040 ",08/29/1964,Midwest Bcorp &Affiliates Esop Tr,State,Yes,1.37%,14.17%,10.37%,9.89%,7," 89,094 ", 117 ," 6,223 ", 77.9 ," 728,040 ",6.28%,0.67%,2.66%,2.51%,98.20%,2.80%,3.78%,50.43%,4.01%,2.66%,16.81%,0.20%,0.60%,268.5,1.27%,0.25%,0.95%,2.47%,56.37%,100 ,1.36%,0.18%,2.00%,0.90%,0.07%,5.41%,2.97%, 21.2 ," 3,157 "," 3,081 "," 2,484 "," 10,917 "," 12,553 "," 12,411 ",1.37%,14.17%,62,70,110,54,152,185,50,59,92.8,
141,First Missouri State Bank,Poplar Bluff," 257,634 ",01/01/1912,Poplar Bluff Bcorp Inc,State,Yes,1.12%,13.45%,8.53%,8.43%,1," 224,574 ", 26 ," 9,909 ", 109.8 ," 257,634 ",5.83%,10.59%,2.83%,16.34%,88.93%,3.68%,3.10%,0.00%,3.88%,0.21%,16.05%,0.06%,0.44%,326.3,1.19%,0.35%,0.55%,2.09%,58.95%,129 ,1.35%,0.04%,0.10%,0.41%,-0.09%,4.27%,0.51%, 39.1 , 681 , 836 ," 1,016 "," 3,964 "," 3,164 "," 3,383 ",1.12%,13.45%,125,97,43,64,135,80,88,70,87.8,
142,Southern Bank,Poplar Bluff," 4,593,354 ",01/01/1887,Southern Missouri Bcorp Inc,State,No,1.07%,11.59%,9.45%,9.28%,63," 63,664 ", 693 ," 6,628 ", 74.5 ," 4,593,354 ",5.64%,24.49%,2.50%,32.91%,91.80%,4.17%,3.28%,105.76%,2.46%,5.00%,13.71%,0.22%,0.77%,247.3,1.22%,0.31%,0.86%,2.39%,59.00%,"3,814 ",1.34%,0.31%,0.18%,0.21%,0.04%,7.14%,0.43%, 18.4 ," 12,598 "," 13,693 "," 12,730 "," 50,996 "," 45,953 "," 45,384 ",1.07%,11.59%,105,42,89,65,171,68,97,98,91.9,
143,Sterling Bank,Poplar Bluff," 1,383,381 ",10/19/2004,Sterling Bancshares Inc,State,No,1.64%,13.73%,11.90%,11.97%,14," 85,531 ", 147 ," 9,411 ", 89.2 ," 1,383,381 ",6.75%,-5.98%,2.73%,2.16%,76.66%,2.90%,4.00%,84.94%,0.51%,0.00%,10.90%,0.11%,0.23%,377.6,0.96%,0.43%,0.74%,2.13%,50.23%,35 ,1.49%,0.01%,0.04%,0.25%,0.01%,1.91%,0.30%, 38.0 ," 6,919 "," 4,960 "," 5,592 "," 24,752 "," 24,869 "," 22,370 ",1.64%,13.73%,37,170,52,30,97,48,27,66,65.9,
144,First State Bank of Purdy,Purdy," 209,148 ",06/19/1944,Purdy Bancshares Inc,State,Yes,1.14%,17.57%,8.23%,6.95%,5," 37,414 ", 47 ," 4,450 ", 76.9 ," 209,148 ",6.02%,-2.34%,1.75%,-1.16%,81.61%,1.88%,3.91%,87.59%,3.17%,3.15%,34.86%,0.14%,0.44%,197.1,1.69%,0.35%,0.73%,2.78%,63.83%,300 ,1.11%,0.13%,1.30%,0.87%,0.10%,11.46%,2.27%, 14.0 , 972 , 722 , 659 ," 1,962 "," 2,959 "," 3,053 ",1.14%,17.57%,48,97,148,94,184,175,84,31,107.6,
145,Community Bank of Raymore,Raymore," 334,445 ",05/15/1979,Lolyn Financial Corp,State,Yes,1.24%,-100.29%,9.10%,-0.40%,3," 111,170 ", 43 ," 7,778 ", 107.1 ," 334,445 ",6.48%,8.63%,1.91%,-7.61%,30.69%,2.12%,2.49%,60.11%,0.00%,0.00%,25.88%,0.17%,1.60%,330.6,1.30%,0.26%,0.95%,2.51%,61.50%,0 ,1.20%,0.01%,0.17%,0.07%,0.49%,-157.33%,0.73%, 24.0 ," 1,595 "," 1,201 "," 1,032 "," 5,221 "," 7,139 "," 5,324 ",1.24%,-100.29%,192,16,118,80,1,103,63,205,97.3,
146,Great Southern Bank,Reeds Spring," 5,815,659 ",01/01/1923,Great Southern Bcorp Inc,State,No,1.31%,12.13%,11.57%,10.82%,93," 51,330 "," 1,034 "," 5,624 ", 73.7 ," 5,815,659 ",5.89%,1.86%,2.56%,1.13%,96.27%,2.96%,3.51%,86.89%,5.53%,13.86%,32.57%,0.18%,0.51%,221.9,1.33%,0.36%,0.73%,2.42%,60.11%,0 ,1.39%,0.04%,0.29%,0.20%,0.02%,3.70%,0.51%, 14.4 ," 24,262 "," 17,634 "," 14,905 "," 82,512 "," 82,186 "," 74,806 ",1.31%,12.13%,79,85,97,71,126,80,60,89,85.9,
147,Peoples Savings Bank of Rhineland,Rhineland," 632,007 ",08/12/1935,Rhineland Bancshares Inc,State,No,0.90%,11.10%,8.99%,8.33%,11," 50,226 ", 90 ," 7,022 ", 92.0 ," 632,007 ",5.51%,8.71%,2.23%,4.49%,91.15%,1.41%,3.18%,0.00%,3.82%,0.00%,21.92%,0.15%,0.44%,241.6,1.37%,0.21%,0.79%,2.38%,65.73%,0 ,1.03%,0.05%,0.10%,0.10%,0.02%,1.41%,0.22%, 15.5 ," 1,359 "," 1,352 "," 1,399 "," 3,117 "," 4,940 "," 5,417 ",0.90%,11.10%,117,97,88,116,80,32,121,106,94.6,
148,Community Bank of Missouri,Richmond," 75,378 ",05/07/2001,Missouri Bcorp Inc,State,No,1.86%,14.32%,14.15%,14.39%,2," 32,063 ", 19 ," 3,967 ", 79.1 ," 75,378 ",6.73%,-6.49%,0.56%,-12.69%,73.31%,3.64%,5.36%,10.23%,0.00%,0.00%,27.43%,0.18%,0.57%,244.9,1.91%,0.42%,1.12%,3.44%,58.10%,0 ,1.08%,0.00%,0.67%,0.35%,0.00%,2.32%,1.02%, 4.4 , 235 , 466 , 83 , 959 , 791 ," 1,466 ",1.86%,14.32%,4,75,189,59,105,128,17,58,79.4,
149,The State Bank,Richmond," 35,248 ",07/01/1940,C S Bancshares Inc,State,No,0.80%,13.84%,10.24%,7.84%,1," 32,183 ", 8 ," 4,406 ", 51.0 ," 35,248 ",5.88%,-9.15%,0.12%,-15.11%,39.90%,1.09%,3.00%,13.40%,0.67%,0.00%,28.50%,0.27%,0.46%,173.0,1.01%,0.21%,1.21%,2.43%,70.21%,0 ,2.36%,0.00%,0.11%,0.18%,0.00%,2.08%,0.29%, 8.3 , 61 , 76 , 66 , 293 , 182 , 321 ,0.80%,13.84%,144,94,99,147,99,44,141,64,104.0,
150,Citizens Bank & Trust,Rock Port," 122,542 ",03/28/1902,,State,Yes,0.59%,9.14%,11.00%,6.98%,2," 55,725 ", 19 ," 6,450 ", 82.4 ," 122,542 ",5.76%,-5.32%,1.39%,2.53%,45.18%,2.00%,2.83%,75.09%,1.87%,0.00%,22.75%,0.17%,0.32%,189.6,1.34%,0.33%,0.54%,2.21%,70.15%,0 ,1.07%,0.03%,0.70%,0.04%,0.01%,0.59%,0.75%, 13.8 , 297 , (2), 263 ," 1,202 ", 942 , 799 ,0.59%,9.14%,164,148,66,145,55,106,167,139,123.8,
151,Citizens Bank of Rogersville,Rogersville," 125,227 ",01/01/1908,Wildcat Bancshares Inc,State,Yes,0.51%,5.64%,10.71%,9.40%,2," 54,947 ", 25 ," 5,009 ", 78.0 ," 125,227 ",5.93%,1.87%,2.60%,-0.13%,88.61%,1.53%,3.25%,69.52%,2.40%,1.73%,23.24%,0.06%,0.54%,186.4,1.58%,0.31%,1.11%,3.00%,78.98%,0 ,1.05%,0.15%,0.64%,0.13%,0.47%,1.30%,1.24%, 8.3 , 255 , 184 , 207 ," 2,302 "," 1,378 ", 784 ,0.51%,5.64%,109,78,166,174,76,140,178,185,138.3,
152,Citizens Bank of the Midwest,Rolla," 211,092 ",02/28/1944,Newburg Insurance Agency Inc,State,No,0.77%,15.98%,8.49%,5.10%,3," 56,586 ", 34 ," 6,209 ", 72.1 ," 211,092 ",6.24%,14.56%,2.59%,2.54%,86.33%,2.67%,2.76%,41.36%,13.60%,12.53%,9.59%,0.04%,0.43%,192.9,1.19%,0.54%,0.34%,2.07%,64.97%,"3,031 ",1.42%,0.00%,0.53%,1.61%,0.03%,25.85%,2.17%, 0.9 , 391 , 271 , 29 ," 1,497 "," 1,477 "," 1,586 ",0.77%,15.98%,171,103,39,108,203,172,147,40,122.9,
153,Phelps County Bank,Rolla," 484,081 ",08/01/1963,Phelps Cnty Bk Employee Stk Ownership Plan,State,Yes,1.33%,21.95%,9.26%,6.72%,4," 107,149 ", 101 ," 4,793 ", 90.1 ," 484,081 ",4.86%,21.12%,0.45%,-6.39%,80.90%,2.41%,3.84%,37.42%,4.45%,0.00%,21.69%,0.21%,0.95%,226.6,1.90%,0.19%,0.92%,3.01%,62.86%,0 ,1.07%,0.10%,0.27%,0.17%,0.00%,2.21%,0.44%, 14.1 ," 1,643 "," 2,208 "," 1,428 "," 7,216 "," 7,037 "," 8,018 ",1.33%,21.95%,56,26,169,91,103,70,58,15,73.5,
154,Preferred Bank,Rothville," 135,554 ",01/08/1904,Bor Bcorp,State,Yes,0.80%,39.30%,7.58%,3.36%,5," 25,465 ", 26 ," 5,214 ", 57.8 ," 135,554 ",5.58%,2.47%,1.12%,-2.10%,38.60%,2.23%,2.80%,86.33%,2.58%,0.00%,31.30%,0.17%,0.38%,174.4,1.02%,0.24%,0.85%,2.11%,66.23%,0 ,0.91%,0.05%,0.58%,0.01%,0.09%,0.00%,0.68%, 10.1 , 265 , 366 , 263 ," 1,155 ", 205 ," 1,339 ",0.80%,39.30%,165,120,47,123,2,98,141,3,87.4,
155,Community Point Bank,Russellville," 173,128 ",07/19/1934,Russellville Bcorp Inc,State,Yes,0.88%,11.98%,8.95%,7.50%,3," 53,143 ", 27 ," 6,412 ", 68.7 ," 173,128 ",5.77%,12.41%,2.62%,17.25%,85.58%,2.37%,2.90%,54.48%,0.22%,2.51%,14.53%,0.05%,0.19%,193.5,1.09%,0.13%,0.66%,1.88%,60.86%,0 ,1.20%,0.09%,0.42%,0.51%,0.02%,4.94%,0.95%, 19.2 , 410 , 590 , 519 ," 2,368 "," 1,992 "," 1,876 ",0.88%,11.98%,155,184,22,75,148,122,126,93,115.6,
156,NEW FRONTIER BANK,Saint Charles," 146,821 ",10/16/2000,Lincoln County Bcorp Inc,State,Yes,0.79%,9.15%,9.90%,9.20%,2," 66,473 ", 23 ," 6,384 ", 90.9 ," 146,821 ",5.25%,2.94%,2.09%,7.32%,77.03%,4.13%,3.27%,26.18%,0.00%,0.00%,22.69%,0.06%,0.18%,220.0,1.42%,0.25%,0.74%,2.42%,70.11%,0 ,1.12%,0.01%,0.00%,0.00%,0.02%,0.37%,0.02%, 14.1 , 523 , 413 , 324 ," 2,057 "," 2,004 "," 1,467 ",0.79%,9.15%,107,186,97,144,48,11,143,137,109.1,
157,Farmers and Merchants Bank of St. Clair,Saint Clair," 335,099 ",05/02/1913,Saint Clair Bancshares Inc,State,No,0.84%,9.83%,11.01%,9.57%,4," 73,853 ", 57 ," 5,879 ", 69.4 ," 335,099 ",5.55%,3.57%,1.99%,-2.35%,73.99%,2.77%,3.00%,0.00%,1.91%,0.41%,19.30%,0.20%,0.63%,217.4,1.14%,0.35%,0.91%,2.40%,66.07%,0 ,1.15%,0.10%,0.02%,0.14%,0.22%,0.03%,0.38%, 14.9 , 790 , 674 , 850 ," 2,898 "," 3,172 "," 2,908 ",0.84%,9.83%,144,65,92,122,28,61,132,128,96.5,
158,Commercial Bank,Saint Louis," 286,608 ",12/21/1988,Commercial Bancshares Inc,State,No,0.16%,5.39%,7.35%,3.86%,4," 61,069 ", 36 ," 7,961 ", 102.9 ," 286,608 ",5.44%,3.70%,2.28%,-4.17%,70.46%,1.99%,2.52%,0.00%,9.80%,1.27%,27.24%,0.05%,0.35%,238.8,1.23%,0.40%,0.91%,2.54%,88.41%,0 ,1.22%,-0.02%,0.14%,0.29%,0.03%,6.70%,0.46%, 1.7 , 324 , 181 , 60 ," 1,677 "," 1,563 ", 494 ,0.16%,5.39%,190,133,122,194,166,73,197,186,157.6,
159,St. Johns Bank and Trust Company,Saint Louis," 337,874 ",01/01/1926,Unity Bancshares L L C,State,No,1.13%,14.35%,9.21%,8.20%,4," 72,008 ", 71 ," 4,759 ", 84.9 ," 337,874 ",5.48%,5.23%,0.39%,-13.31%,85.80%,0.79%,3.95%,103.46%,6.16%,0.00%,30.14%,0.13%,0.39%,214.1,1.72%,0.33%,0.77%,2.82%,64.84%,0 ,1.44%,0.03%,0.00%,0.28%,0.01%,3.00%,0.29%, 12.6 , 914 , 957 , 893 ," 1,169 "," 2,407 "," 3,958 ",1.13%,14.35%,43,116,149,106,119,44,87,56,90.0,
160,St. Louis Bank,Saint Louis," 949,779 ",06/06/2005,St Louis Bancshares Inc,State,No,0.32%,3.92%,8.73%,8.21%,2," 415,943 ", 74 ," 12,835 ", 163.9 ," 949,779 ",6.06%,8.19%,3.22%,25.29%,90.03%,3.04%,3.04%,0.00%,2.11%,26.31%,16.70%,0.04%,0.37%,411.0,1.35%,0.39%,0.98%,2.72%,79.63%,"6,529 ",1.36%,0.17%,0.12%,1.13%,-0.01%,12.15%,1.25%, (9.6), 786 ," 1,310 ", (713)," 4,318 "," 4,400 "," 2,898 ",0.32%,3.92%,138,129,143,177,189,142,191,192,162.6,
161,Stifel Bank and Trust,Saint Louis," 16,773,574 ",04/16/2002,Stifel Financial Corp,State,No,2.65%,34.87%,7.26%,7.99%,2," 7,540,112 ", 315 ," 53,249 ", 125.1 ," 16,773,574 ",5.91%,-25.11%,2.10%,-21.51%,80.49%,6.76%,4.19%,152.55%,0.78%,0.00%,0.31%,0.20%,0.16%,"2,731.2",0.20%,0.02%,0.60%,0.82%,18.85%,0 ,0.83%,0.08%,0.13%,0.27%,0.06%,3.14%,0.46%, 396.0 ," 145,194 "," 121,617 "," 124,748 "," 235,476 "," 397,813 "," 524,424 ",2.65%,34.87%,26,190,2,1,120,73,4,5,52.6,
162,1st Advantage Bank,Saint Peters," 152,151 ",01/31/2005,Banc Investors Llc,State,No,1.18%,11.49%,10.52%,10.79%,1," 132,606 ", 21 ," 7,245 ", 128.1 ," 152,151 ",5.33%,3.17%,2.08%,-0.78%,103.26%,3.68%,3.97%,0.00%,1.64%,0.00%,30.28%,0.06%,0.18%,298.1,1.78%,0.24%,0.86%,2.89%,69.47%,0 ,1.25%,0.09%,0.01%,0.00%,0.00%,0.00%,0.01%, 21.3 , 229 , 400 , 447 ," 1,200 "," 1,301 "," 1,780 ",1.18%,11.49%,40,186,155,139,2,8,74,101,88.1,
163,Security Bank of Pulaski County,Saint Robert," 144,990 ",01/01/1936,Security Bancshares Pulaski Cnty,State,No,0.51%,7.42%,8.61%,6.88%,2," 66,034 ", 29 ," 5,000 ", 74.7 ," 144,990 ",6.92%,8.77%,2.28%,5.31%,63.51%,2.55%,3.42%,33.04%,1.72%,4.12%,24.72%,0.10%,0.52%,178.0,1.63%,0.34%,1.24%,3.21%,81.35%,"2,023 ",1.23%,0.10%,1.56%,1.65%,0.04%,23.01%,3.25%, 5.4 , 255 , 133 , 158 ," 1,001 ", 799 , 681 ,0.51%,7.42%,88,84,181,188,202,187,178,163,158.9,
164,MRV Banks,Sainte Genevieve," 733,191 ",07/16/2007,Mrv Financial Corp,State,No,2.31%,22.44%,11.24%,10.92%,5," 123,391 ", 72 ," 10,183 ", 112.8 ," 733,191 ",6.70%,3.32%,3.53%,6.40%,98.38%,4.18%,4.48%,0.62%,4.09%,0.00%,41.07%,0.16%,0.57%,489.9,1.16%,0.14%,0.70%,2.00%,39.56%,0 ,1.89%,0.11%,0.27%,0.05%,-0.01%,41.36%,0.32%, 60.9 ," 3,192 "," 4,217 "," 4,384 "," 10,774 "," 12,568 "," 16,145 ",2.31%,22.44%,17,75,32,9,204,52,6,14,51.1,
165,Bank of Salem,Salem," 144,294 ",10/10/1883,Judson Young Memorial Education Foundation,State,No,0.43%,6.59%,8.45%,6.44%,2," 63,091 ", 24 ," 6,012 ", 65.7 ," 144,294 ",5.08%,18.59%,1.93%,9.82%,76.61%,1.78%,2.49%,52.54%,5.89%,0.00%,19.90%,0.14%,0.38%,157.2,1.18%,0.20%,0.85%,2.22%,77.44%,0 ,0.74%,0.07%,0.37%,0.51%,0.02%,7.28%,0.90%, 5.8 , 129 , 158 , 138 , 945 , 888 , 571 ,0.43%,6.59%,192,120,72,170,172,118,186,173,150.4,
166,Progressive Ozark Bank,Salem," 166,348 ",06/02/1965,Ozark Bcorp Inc,State,Yes,1.37%,15.10%,9.42%,9.18%,6," 24,449 ", 52 ," 3,199 ", 58.9 ," 166,348 ",5.57%,4.17%,0.93%,0.77%,100.89%,2.27%,4.48%,76.14%,1.68%,0.00%,23.76%,0.54%,1.21%,179.3,1.87%,0.62%,1.33%,3.83%,67.24%,0 ,0.90%,0.13%,0.36%,0.13%,0.08%,2.88%,0.57%, 11.5 , 593 , 838 , 597 ," 2,221 "," 2,239 "," 2,842 ",1.37%,15.10%,17,21,195,130,116,90,50,50,83.6,
167,Town & Country Bank,Salem," 665,557 ",01/01/1894,Town&Country Bancshares Inc,State,Yes,1.21%,15.23%,11.36%,9.02%,10," 57,613 ", 146 ," 4,559 ", 80.1 ," 665,557 ",5.46%,4.87%,1.10%,-3.02%,74.88%,2.26%,3.49%,53.19%,3.94%,0.00%,27.71%,0.15%,0.74%,199.0,1.70%,0.25%,0.70%,2.65%,62.61%,15 ,1.30%,0.05%,0.37%,0.15%,0.04%,1.53%,0.56%, 17.5 ," 2,798 "," 2,515 "," 2,560 "," 11,065 "," 9,935 "," 10,392 ",1.21%,15.23%,80,47,133,88,82,88,72,49,79.9,
168,Senath State Bank,Senath," 108,603 ",01/01/1935,Senath Bancshares Inc,State,Yes,1.58%,11.81%,14.72%,12.89%,2," 47,272 ", 18 ," 6,034 ", 73.1 ," 108,603 ",6.02%,10.16%,1.35%,1.37%,56.68%,2.25%,3.96%,56.27%,0.00%,0.00%,37.97%,0.22%,0.51%,244.3,1.34%,0.13%,1.01%,2.47%,55.34%,0 ,1.40%,0.00%,4.23%,0.12%,0.00%,0.00%,4.35%, 24.6 , 452 , 412 , 442 ," 1,259 "," 1,464 "," 1,962 ",1.58%,11.81%,41,85,110,48,2,198,33,95,76.5,
169,People's Bank of Seneca,Seneca," 427,842 ",03/15/1996,Pbs Bancshares Inc,State,No,1.65%,20.61%,9.60%,8.54%,5," 72,477 ", 49 ," 8,731 ", 89.4 ," 427,842 ",6.06%,12.66%,2.30%,10.95%,95.04%,1.41%,3.78%,11.14%,5.84%,12.89%,10.05%,0.05%,0.38%,346.0,1.07%,0.23%,0.60%,1.90%,45.74%,0 ,1.27%,0.02%,0.38%,0.34%,0.01%,5.01%,0.73%, 31.2 ," 1,534 "," 1,797 "," 1,527 "," 4,669 "," 5,692 "," 6,733 ",1.65%,20.61%,62,120,23,19,149,103,25,23,65.5,
170,The Seymour Bank,Seymour," 222,777 ",11/25/1939,Cottonrudy Investment Co,State,No,0.44%,6.73%,10.84%,6.76%,3," 58,265 ", 47 ," 4,740 ", 69.3 ," 222,777 ",6.20%,10.47%,2.05%,-12.57%,73.25%,2.02%,3.16%,76.31%,14.35%,0.62%,74.54%,0.18%,0.64%,168.0,1.54%,0.47%,0.99%,3.00%,78.78%,0 ,1.31%,0.18%,1.56%,0.00%,0.01%,0.89%,1.57%, 1.3 , 489 , 109 , 62 ," 2,060 "," 1,762 ", 933 ,0.44%,6.73%,118,62,166,173,66,153,184,168,136.3,
171,Community State Bank,Shelbina," 109,322 ",11/28/1977,Community State Bancshares Inc,State,No,1.17%,11.43%,12.27%,10.23%,2," 45,051 ", 12 ," 9,110 ", 88.4 ," 109,322 ",5.84%,5.38%,2.35%,-3.26%,72.08%,1.88%,3.06%,17.55%,7.21%,1.67%,29.12%,0.11%,0.34%,284.0,1.05%,0.17%,0.48%,1.69%,49.92%,81 ,1.24%,0.17%,2.38%,0.18%,0.18%,4.81%,2.74%, 16.3 , 276 , 330 , 195 ," 1,563 "," 1,411 "," 1,185 ",1.17%,11.43%,133,136,12,29,144,183,78,103,102.3,
172,Montgomery Bank,Sikeston," 1,322,032 ",01/01/1934,Montgomery Bcorp Inc,State,Yes,0.58%,7.09%,7.43%,8.78%,12," 82,255 ", 203 ," 6,512 ", 83.6 ," 1,322,032 ",5.63%,8.73%,1.54%,-11.80%,91.67%,1.08%,2.61%,82.54%,15.81%,0.00%,24.47%,0.15%,0.69%,215.9,1.28%,0.31%,0.96%,2.55%,77.24%,170 ,0.93%,0.02%,0.56%,0.04%,0.00%,1.68%,0.60%, 10.8 ," 2,385 "," 1,987 "," 2,199 "," 12,722 "," 10,706 "," 10,022 ",0.58%,7.09%,181,52,123,169,89,96,169,165,130.5,
173,Silex Banking Company,Silex," 88,519 ",03/24/1934,Silex Bancshares Inc,State,No,0.97%,7.61%,14.39%,13.70%,1," 76,245 ", 11 ," 8,047 ", 104.9 ," 88,519 ",4.90%,10.69%,1.02%,1.35%,64.79%,1.81%,3.25%,41.24%,0.00%,0.00%,22.26%,0.03%,0.09%,275.6,1.26%,0.30%,0.45%,2.02%,60.36%,0 ,0.93%,0.09%,0.05%,0.00%,0.00%,0.00%,0.05%, 15.6 , 184 , 234 , 172 , 564 , 730 , 890 ,0.97%,7.61%,109,200,35,72,2,16,108,159,87.6,
174,The Corner Stone Bank,South West City," 179,557 ",01/01/1898,,State,Yes,0.73%,6.27%,12.44%,11.82%,5," 30,881 ", 52 ," 3,453 ", 78.1 ," 179,557 ",7.72%,10.54%,2.31%,1.39%,87.43%,2.35%,4.87%,60.37%,1.95%,2.95%,23.53%,0.16%,0.75%,188.3,2.31%,0.32%,1.51%,4.14%,73.61%,50 ,1.67%,0.56%,3.65%,1.26%,0.23%,9.27%,5.14%, 7.2 , 450 , 235 , 372 ," 2,455 "," 2,183 "," 1,534 ",0.73%,6.27%,6,45,197,156,179,200,153,182,139.8,
175,Guaranty Bank,Springfield," 2,279,684 ",10/24/2008,Qcr Holdings Inc,State,No,1.15%,7.46%,11.41%,15.59%,14," 126,295 ", 210 ," 10,856 ", 138.6 ," 2,279,684 ",5.83%,5.26%,3.68%,11.38%,98.48%,4.08%,2.58%,0.00%,5.53%,17.72%,55.28%,0.11%,0.81%,354.8,1.32%,0.22%,0.66%,2.21%,65.11%,535 ,1.18%,-0.06%,0.04%,0.36%,0.02%,2.17%,0.42%, 37.8 ," 10,962 "," 6,801 "," 7,937 "," 14,579 "," 24,289 "," 25,281 ",1.15%,7.46%,183,39,66,110,102,67,83,162,101.5,
176,Mid-Missouri Bank,Springfield," 915,728 ",06/20/1872,Mid-Missouri Bancshares Inc,State,No,1.22%,14.72%,9.05%,8.67%,14," 59,505 ", 199 ," 4,602 ", 84.4 ," 915,728 ",5.75%,6.38%,1.24%,0.37%,77.80%,1.78%,3.69%,47.63%,0.00%,6.01%,3.77%,0.20%,1.00%,212.1,1.87%,0.35%,0.80%,3.01%,64.13%,0 ,1.08%,0.04%,0.07%,0.05%,-0.03%,0.77%,0.12%, 11.7 ," 2,752 "," 2,857 "," 2,325 "," 8,490 "," 9,028 "," 11,023 ",1.22%,14.72%,67,25,169,98,60,22,68,53,70.3,
177,Oakstar Bank,Springfield," 2,291,282 ",10/24/2005,Oakstar Bancshares Inc,State,No,0.64%,6.73%,9.19%,9.15%,19," 104,477 ", 374 ," 6,126 ", 109.3 ," 2,291,282 ",5.75%,15.33%,3.11%,14.08%,96.12%,2.48%,2.88%,0.00%,2.68%,2.78%,12.76%,0.10%,0.77%,208.6,1.91%,0.41%,0.65%,2.96%,81.07%,440 ,1.26%,0.23%,0.24%,0.54%,0.10%,5.29%,0.88%, 5.9 ," 5,840 "," 3,442 "," 2,209 "," 20,525 "," 23,107 "," 13,624 ",0.64%,6.73%,158,42,161,185,151,116,165,168,143.3,
178,Omb Bank,Springfield," 1,511,465 ",04/13/1883,Jamesmark Bancshares Inc,State,No,1.17%,13.51%,8.60%,8.25%,9," 142,470 ", 199 ," 7,595 ", 85.6 ," 1,511,465 ",6.56%,23.59%,3.60%,24.71%,100.73%,3.89%,3.32%,0.00%,5.79%,10.89%,7.37%,0.13%,0.66%,265.0,1.28%,0.14%,0.67%,2.09%,52.62%,0 ,1.23%,0.35%,0.56%,0.44%,0.02%,4.21%,1.02%, 18.2 ," 2,889 "," 4,183 "," 3,621 "," 11,117 "," 10,952 "," 15,515 ",1.17%,13.51%,100,59,43,38,133,128,78,69,81.0,
179,State Bank of Southwest Missouri,Springfield," 156,903 ",09/16/1985,State Bancshares Inc,State,Yes,0.48%,8.39%,6.95%,6.21%,1," 139,794 ", 27 ," 5,811 ", 118.9 ," 156,903 ",5.11%,9.66%,1.29%,-11.08%,87.11%,1.15%,3.40%,160.13%,4.55%,0.00%,29.98%,0.03%,0.51%,233.5,1.99%,0.29%,0.69%,2.97%,76.03%,0 ,0.66%,0.33%,0.03%,0.00%,0.02%,0.00%,0.05%, 13.1 , 361 , (134), 355 ," 1,887 "," 1,600 ", 938 ,0.48%,8.39%,91,85,162,166,2,16,182,149,106.6,
180,Systematic Savings Bank,Springfield," 64,627 ",01/01/1923,,State,No,0.75%,4.66%,16.50%,16.21%,1," 47,173 ", 9 ," 7,181 ", 119.9 ," 64,627 ",5.71%,17.57%,3.52%,10.44%,111.40%,3.70%,2.56%,0.00%,10.66%,23.39%,5.90%,0.02%,0.10%,183.6,1.74%,0.13%,1.03%,2.89%,108.84%,0 ,0.97%,0.10%,0.51%,0.02%,0.00%,0.11%,0.53%, 49.4 , 38 , 19 , 445 , 186 , 205 , 465 ,0.75%,4.66%,188,198,155,203,34,83,149,190,150.0,
181,"First State Bank of St. Charles, Missouri",St. Charles," 547,893 ",05/10/1867,First State Bancshares Inc,State,No,1.08%,8.12%,14.30%,13.70%,6," 64,832 ", 178 ," 3,078 ", 124.6 ," 547,893 ",5.38%,1.96%,2.46%,1.96%,116.72%,2.41%,3.36%,37.75%,13.74%,0.00%,28.54%,0.05%,3.64%,213.6,4.06%,0.33%,1.23%,5.63%,80.43%,0 ,1.47%,0.00%,0.77%,0.32%,-0.01%,2.50%,1.09%, 9.7 ," 2,425 "," 1,762 "," 1,732 "," 11,479 "," 4,473 "," 5,891 ",1.08%,8.12%,96,5,200,181,112,132,95,153,121.8,
182,Lindell Bank & Trust Company,St. Louis," 869,294 ",01/01/1923,First Illinois Bcorp Inc,State,Yes,1.37%,9.15%,15.22%,15.47%,15," 44,441 ", 139 ," 6,254 ", 70.3 ," 869,294 ",6.62%,12.68%,0.82%,-7.29%,65.94%,2.44%,3.77%,39.57%,7.23%,0.00%,40.44%,0.21%,0.34%,255.8,1.13%,0.37%,0.90%,2.39%,58.14%,0 ,3.35%,-0.04%,0.13%,0.19%,0.03%,1.25%,0.35%, 26.6 ," 4,118 "," 3,780 "," 3,701 "," 12,806 "," 14,373 "," 14,978 ",1.37%,9.15%,64,136,89,60,75,56,50,137,83.4,
183,Stifel Bank,St. Louis," 11,965,308 ",05/16/2002,Stifel Financial Corp,State,No,0.97%,16.55%,7.16%,6.03%,1," 11,185,938 ", 51 ," 234,614 ", 487.3 ," 11,965,308 ",6.33%,71.98%,4.09%,64.58%,67.87%,5.48%,2.06%,0.00%,0.02%,0.36%,2.25%,0.01%,-0.03%,"3,766.4",0.26%,0.03%,0.26%,0.56%,27.54%,0 ,0.36%,0.10%,0.00%,0.00%,0.00%,0.00%,0.00%, 556.0 ," 20,865 "," 20,489 "," 28,357 "," 61,874 "," 75,477 "," 91,647 ",0.97%,16.55%,204,205,1,2,2,1,108,36,69.9,
184,FCNB Bank,Steelville," 199,093 ",01/01/1906,Steelville Cmty Banc-Shares,State,Yes,0.29%,17.44%,7.07%,2.23%,6," 26,158 ", 50 ," 3,982 ", 78.0 ," 199,093 ",5.95%,15.94%,2.54%,4.76%,62.17%,2.08%,2.78%,17.88%,18.33%,4.70%,42.53%,0.22%,1.71%,164.9,2.11%,0.64%,1.40%,4.15%,92.59%,554 ,1.22%,-0.04%,0.00%,0.47%,-0.07%,21.75%,0.47%, 2.6 , 194 , 119 , 128 ," 1,125 ", 892 , 671 ,0.29%,17.44%,168,14,198,196,200,76,192,32,134.5,
185,SULLIVAN BANK,Sullivan," 989,522 ",04/01/1895,Mid-Missouri Holding Co Inc,State,No,1.17%,14.34%,8.70%,9.02%,10," 87,030 ", 139 ," 7,119 ", 79.1 ," 989,522 ",5.57%,7.93%,2.75%,6.39%,102.10%,3.22%,3.07%,4.93%,2.38%,1.01%,10.62%,0.11%,0.43%,259.4,1.06%,0.17%,0.57%,1.81%,51.72%,"3,031 ",1.20%,0.32%,1.62%,0.58%,0.20%,4.91%,2.40%, 24.4 ," 1,973 "," 3,369 "," 3,395 "," 9,019 "," 10,298 "," 12,127 ",1.17%,14.34%,131,103,17,36,147,176,78,57,93.1,
186,"The Tipton Latham Bank, National Association",Tipton," 166,644 ",12/29/1906,Latham Bancshares Inc,Federal,Yes,0.71%,8.70%,11.31%,8.66%,2," 74,022 ", 18 ," 9,258 ", 113.8 ," 166,644 ",5.67%,6.77%,2.64%,5.90%,78.56%,2.00%,2.66%,53.34%,1.80%,0.00%,20.18%,0.05%,0.16%,261.1,1.23%,0.22%,0.47%,1.91%,67.96%,0 ,1.41%,0.06%,0.79%,0.16%,0.02%,4.66%,0.97%, (1.7), 69 , 516 , (31)," 2,835 "," 1,986 "," 1,498 ",0.71%,8.70%,176,190,25,133,140,125,158,145,136.5,
187,Peoples Bank & Trust Co.,Troy," 805,690 ",03/10/1924,Lincoln County Bcorp Inc,State,Yes,1.16%,17.91%,9.97%,6.98%,9," 79,170 ", 121 ," 6,659 ", 84.6 ," 805,690 ",5.39%,4.86%,2.13%,2.03%,55.18%,3.90%,3.15%,50.00%,4.34%,3.51%,23.77%,0.15%,0.53%,230.0,1.33%,0.27%,0.69%,2.29%,62.12%,0 ,1.20%,-0.08%,0.26%,0.03%,-0.02%,1.38%,0.29%, 25.9 ," 3,151 "," 2,696 "," 3,139 "," 8,399 "," 10,797 "," 10,800 ",1.16%,17.91%,119,81,78,84,78,44,81,30,74.4,
188,Heritage Community Bank,Union," 252,871 ",08/19/1935,Heritage Management Co Inc,State,Yes,0.71%,8.95%,7.84%,7.66%,4," 53,841 ", 39 ," 6,484 ", 84.9 ," 252,871 ",6.05%,14.17%,3.16%,13.31%,103.85%,0.76%,3.22%,54.37%,6.13%,0.00%,15.20%,0.06%,0.27%,207.7,1.43%,0.19%,0.88%,2.50%,71.64%,44 ,1.20%,0.10%,0.16%,0.14%,0.00%,3.61%,0.30%, 17.1 , 597 , 453 , 668 ," 2,943 "," 2,470 "," 2,084 ",0.71%,8.95%,112,163,117,151,124,48,158,142,126.9,
189,United Bank of Union,Union," 560,325 ",03/22/1934,Cardinal Bcorp Ii Inc,State,Yes,0.91%,12.64%,9.11%,7.10%,3," 154,983 ", 77 ," 7,277 ", 86.9 ," 560,325 ",6.12%,18.93%,2.15%,10.44%,93.13%,2.20%,3.57%,84.65%,9.46%,8.81%,13.32%,0.08%,0.35%,268.6,1.26%,0.21%,1.00%,2.46%,62.81%,0 ,1.44%,0.32%,2.69%,0.81%,0.25%,10.16%,3.75%, 17.2 ," 1,883 "," 1,406 "," 1,322 "," 7,037 "," 6,744 "," 5,999 ",0.91%,12.64%,74,133,107,90,183,193,118,79,122.1,
190,First Security Bank,Union Star," 53,503 ",04/30/1890,First American Bancshares Inc,State,No,0.87%,12.11%,7.87%,7.58%,2," 24,636 ", 8 ," 6,688 ", 85.0 ," 53,503 ",5.75%,4.27%,1.05%,5.91%,74.55%,1.49%,3.85%,27.29%,0.00%,0.00%,18.24%,0.12%,0.19%,263.5,1.30%,0.33%,1.05%,2.68%,66.33%,0 ,1.46%,0.18%,0.73%,0.12%,0.20%,6.74%,1.05%, 18.1 , 110 , 115 , 145 , 510 , 452 , 458 ,0.87%,12.11%,54,184,138,126,167,131,128,91,127.4,
191,Farmers Bank of Northern Missouri,Unionville," 510,084 ",06/01/1901,Northern Mo Bancshares Inc,State,No,1.10%,12.63%,12.36%,9.73%,10," 42,238 ", 91 ," 5,605 ", 78.0 ," 510,084 ",6.62%,5.27%,1.67%,-0.34%,58.90%,1.88%,3.10%,28.63%,6.86%,0.00%,29.86%,0.16%,0.43%,192.6,1.40%,0.32%,0.46%,2.18%,61.71%,10 ,1.49%,0.00%,0.69%,0.17%,-0.14%,2.40%,0.86%, 10.0 ," 1,145 "," 1,612 ", 906 ," 6,944 "," 4,981 "," 5,595 ",1.10%,12.63%,125,103,61,81,109,112,90,80,95.1,
192,Putnam County State Bank,Unionville," 267,152 ",07/05/1979,Putnam County Bancshares Inc,State,No,1.84%,12.37%,14.65%,14.23%,2," 112,662 ", 23 ," 11,615 ", 80.3 ," 267,152 ",6.01%,6.97%,3.06%,8.62%,97.10%,1.86%,3.48%,59.24%,0.00%,0.79%,17.94%,0.21%,0.34%,421.2,0.73%,0.08%,0.54%,1.34%,35.16%,0 ,1.29%,0.08%,0.90%,0.38%,-0.02%,0.17%,1.28%, 47.9 ," 1,247 "," 1,255 "," 1,101 "," 4,003 "," 4,034 "," 4,679 ",1.84%,12.37%,82,136,4,6,36,143,18,86,63.9,
193,Royal Banks of Missouri,University City," 1,043,886 ",11/08/1965,Royal Bancshares Inc,State,No,0.88%,6.71%,12.01%,13.17%,15," 59,916 ", 125 ," 8,351 ", 91.5 ," 1,043,886 ",5.45%,3.82%,2.20%,0.93%,82.10%,2.34%,2.95%,45.48%,0.15%,0.00%,19.60%,0.14%,0.38%,271.9,1.12%,0.31%,0.76%,2.19%,65.74%,"14,106 ",0.73%,-0.01%,0.01%,1.73%,0.00%,12.44%,1.74%, 14.8 ," 3,089 "," 2,123 "," 1,855 "," 8,814 "," 10,046 "," 8,962 ",0.88%,6.71%,150,120,63,117,190,161,126,170,137.1,
194,The Bank of Versailles,Versailles," 326,895 ",01/01/1882,Bov Holding Co,State,No,1.37%,10.26%,13.51%,13.29%,4," 65,230 ", 43 ," 7,602 ", 83.4 ," 326,895 ",4.37%,4.53%,1.22%,-4.09%,109.70%,NA,3.49%,32.63%,6.73%,0.00%,14.85%,0.04%,0.08%,262.8,1.13%,0.16%,0.48%,1.77%,49.60%,0 ,1.38%,0.00%,0.01%,0.03%,0.00%,4.23%,0.04%, 22.2 ," 1,253 "," 1,042 ", 953 ," 2,982 "," 4,086 "," 4,340 ",1.37%,10.26%,80,201,16,27,134,14,50,126,81.0,
195,The Maries County Bank,Vienna," 584,848 ",08/17/1900,Maries County Bcorp Inc,State,No,0.52%,4.78%,15.05%,11.44%,11," 46,608 ", 145 ," 4,033 ", 68.5 ," 584,848 ",6.64%,4.57%,1.92%,5.29%,59.29%,1.89%,2.97%,71.07%,0.51%,0.00%,16.18%,0.16%,0.68%,140.5,1.74%,0.38%,0.79%,2.91%,79.69%,250 ,1.56%,0.09%,1.75%,0.19%,0.14%,1.32%,2.08%, 6.0 ," 1,595 ", 554 , 875 ," 6,403 "," 5,108 "," 2,987 ",0.52%,4.78%,149,55,157,178,77,169,177,189,143.9,
196,The Missouri Bank,Warrenton," 429,704 ",01/01/1934,Warren County Bancshares Inc,State,Yes,1.03%,10.40%,12.11%,10.37%,6," 64,096 ", 66 ," 6,511 ", 66.0 ," 429,704 ",5.33%,9.18%,1.87%,2.32%,66.85%,2.46%,3.07%,49.82%,0.00%,0.00%,27.48%,0.08%,0.34%,208.0,1.05%,0.28%,0.76%,2.08%,61.07%,54 ,1.28%,0.03%,0.44%,0.06%,0.01%,0.31%,0.51%, 12.4 ," 1,144 "," 1,422 ", 821 ," 5,354 "," 4,950 "," 4,960 ",1.03%,10.40%,131,136,42,76,46,80,100,125,92.0,
197,Bank of Franklin County,Washington," 392,373 ",08/28/2000,Franklin Bcorp Inc,State,No,0.39%,5.22%,9.12%,8.04%,5," 65,388 ", 64 ," 6,131 ", 84.3 ," 392,373 ",5.22%,8.19%,2.45%,9.81%,94.10%,1.93%,2.63%,0.00%,8.01%,0.00%,18.62%,0.08%,0.44%,186.6,1.38%,0.37%,0.74%,2.49%,81.17%,"1,125 ",1.13%,0.09%,0.12%,0.31%,0.01%,12.45%,0.44%, 7.6 , 471 , 323 , 485 ," 2,896 "," 2,426 "," 1,507 ",0.39%,5.22%,178,97,115,186,191,70,188,188,151.6,
198,Bank of Washington,Washington," 1,101,979 ",10/29/1877,Diamond Bcorp Inc,State,Yes,1.78%,15.43%,11.84%,11.50%,6," 140,991 ", 117 ," 9,419 ", 118.5 ," 1,101,979 ",7.05%,12.25%,2.81%,6.58%,113.28%,2.32%,4.84%,49.19%,10.89%,4.75%,19.28%,0.21%,0.30%,459.4,1.33%,0.20%,0.92%,2.44%,47.49%,"12,658 ",1.53%,0.39%,0.05%,2.91%,0.34%,22.63%,3.30%, 50.0 ," 7,304 "," 6,077 "," 5,849 "," 14,779 "," 17,980 "," 23,536 ",1.78%,15.43%,7,152,103,23,201,189,21,47,92.9,
199,Bank of Crocker,Waynesville," 144,992 ",07/05/1911,,State,Yes,0.74%,10.82%,11.91%,7.98%,4," 33,266 ", 33 ," 4,394 ", 64.1 ," 144,992 ",6.34%,-0.08%,1.11%,-4.19%,32.38%,1.90%,3.08%,15.37%,0.00%,0.00%,24.78%,0.12%,0.30%,147.6,1.45%,0.26%,0.74%,2.44%,72.24%,0 ,1.50%,0.00%,0.73%,0.59%,0.36%,6.98%,1.68%, 9.1 , 265 , 364 , 299 , 157 , 735 ," 1,301 ",0.74%,10.82%,130,152,103,153,170,158,152,116,141.8,
200,American Bank Of Freedom,Wellsville," 880,601 ",03/15/1880,Evergreen Bancshares Inc,State,No,0.72%,6.59%,10.54%,9.95%,9," 71,922 ", 96 ," 9,173 ", 104.2 ," 880,601 ",6.17%,16.53%,3.21%,13.80%,107.19%,2.40%,3.19%,0.00%,15.67%,9.37%,9.95%,0.03%,0.23%,273.8,1.30%,0.29%,0.81%,2.39%,70.00%,0 ,1.23%,0.08%,0.05%,0.03%,0.04%,5.47%,0.12%, 14.8 ," 1,155 "," 1,406 "," 1,420 "," 6,041 "," 6,037 "," 5,581 ",0.72%,6.59%,115,170,89,142,153,22,155,173,127.4,
201,Community First Banking Company,West Plains," 258,646 ",11/13/1997,Community Bancshares W Plains,State,Yes,0.89%,10.62%,11.01%,8.92%,4," 57,153 ", 44 ," 5,878 ", 74.5 ," 258,646 ",5.31%,6.56%,1.90%,0.79%,80.86%,2.51%,2.93%,63.89%,1.93%,0.00%,24.93%,0.23%,0.64%,212.8,1.24%,0.23%,0.85%,2.33%,65.09%,0 ,0.99%,0.10%,0.16%,0.00%,0.02%,0.78%,0.18%, 12.6 , 906 , 627 , 556 ," 3,977 "," 3,814 "," 2,883 ",0.89%,10.62%,152,62,82,109,61,31,123,122,92.8,
202,West Plains Bank and Trust Company,West Plains," 640,018 ",04/13/1883,West Plains Bancshares Inc,State,Yes,0.83%,16.39%,8.11%,5.51%,5," 119,563 ", 105 ," 6,095 ", 76.2 ," 640,018 ",6.48%,9.34%,2.14%,5.27%,69.40%,1.58%,2.86%,74.62%,0.28%,18.52%,14.38%,0.23%,0.74%,216.3,1.26%,0.23%,1.03%,2.52%,69.98%,0 ,0.85%,0.02%,0.76%,0.39%,0.06%,6.33%,1.21%, 16.9 ," 1,416 "," 1,697 "," 1,774 "," 7,004 "," 6,367 "," 6,536 ",0.83%,16.39%,160,47,120,141,162,138,135,37,117.5,
203,West Plains Savings and Loan Association,West Plains," 93,085 ",01/01/1919,,State,No,0.18%,0.81%,21.99%,21.73%,1," 67,974 ", 16 ," 5,818 ", 64.4 ," 93,085 ",5.07%,3.87%,2.15%,1.14%,103.96%,1.52%,2.67%,0.00%,5.08%,0.00%,1.81%,0.04%,0.04%,154.9,1.12%,0.37%,0.63%,2.12%,78.11%,0 ,1.22%,0.34%,6.42%,2.40%,0.34%,11.51%,9.16%, 7.6 , 214 , (132), 122 , 753 , 812 , 162 ,0.18%,0.81%,175,202,49,171,185,204,196,197,172.4,
204,Bank of Weston,Weston," 198,790 ",03/21/1893,Wilson Bancshares Inc,State,Yes,1.18%,18.14%,8.51%,6.97%,3," 61,385 ", 37 ," 5,373 ", 81.4 ," 198,790 ",5.77%,5.61%,1.53%,-0.53%,77.78%,1.53%,3.59%,81.79%,0.00%,0.00%,27.03%,0.10%,0.62%,224.4,1.52%,0.30%,0.87%,2.69%,63.96%,0 ,1.17%,0.00%,0.24%,0.05%,-0.05%,0.59%,0.29%, 14.9 , 780 ," 1,025 ", 550 ," 1,094 "," 2,377 "," 2,911 ",1.18%,18.14%,72,67,140,97,55,44,74,29,72.3,
205,FMB Bank,Wright City," 44,926 ",12/10/1910,Farmers&Merchants Bancshares,State,No,0.37%,7.92%,8.28%,5.64%,1," 42,129 ", 10 ," 4,493 ", 65.5 ," 44,926 ",6.36%,-4.38%,1.58%,-6.33%,31.83%,2.91%,2.85%,14.53%,0.00%,0.00%,51.72%,0.21%,0.69%,161.1,1.40%,0.51%,1.14%,3.05%,85.99%,0 ,1.50%,-0.02%,0.25%,0.00%,-0.03%,18.60%,0.25%, 2.4 , 26 , 18 , 24 , 103 , 131 , 172 ,0.37%,7.92%,162,52,173,193,197,36,189,155,144.6,
,,,,,,,,,,,,,,,,,,,,,,,,,,,,,,,,,,,,,,,,,,,,,,,,,,,,,,,,,,,,,,,
,,,,,,,,,,,,,,,,,,,,,,,,,,,,,,,,,,,,,,,,,,,,,,,,,,,,,,,,,,,,,,,
,Average,," 1,209,090 ",,,,,1.02%,11.58%,10.82%,9.60%,9," 178,157 ", 141 ," 7,883 ", 88.5 ," 1,209,090 ",6.51%,8.91%,1.96%,3.92%,79.08%,2.37%,3.67%,49.64%,4.19%,3.28%,23.01%,0.17%,0.75%,289.7,1.54%,0.29%,1.18%,3.00%,65.05%,404 ,1.27%,0.09%,0.78%,0.38%,0.07%,3.58%,1.24%, 22.3 ," 4,199 "," 3,829 "," 3,392 "," 13,899 "," 14,887 "," 15,131 ",1.02%,11.58%,,,,,,,,,,
,Median,," 260,069 ",,,,,1.02%,11.43%,10.22%,9.18%,4," 60,325 ", 47 ," 6,089 ", 81.3 ," 260,069 ",5.88%,6.83%,1.92%,2.16%,81.61%,2.23%,3.29%,48.94%,2.46%,0.00%,23.15%,0.14%,0.43%,225.5,1.35%,0.27%,0.79%,2.44%,64.63%,0 ,1.23%,0.06%,0.37%,0.18%,0.02%,2.21%,0.73%, 14.9 , 740 , 784 , 704 ," 2,967 "," 2,889 "," 2,987 ",1.02%,11.43%,,,,,,,,,,
,,,,,,,,,,,,,,,,,,,,,,,,,,,,,,,,,,,,,,,,,,,,,,,,,,,,,,,,,,,,,,,
1,Under $250 Mil,96," 132,751 ",,,,,0.85%,10.95%,11.15%,9.61%,3," 53,267 ",27," 5,684 ", 78.9 ," 132,751 ",7.13%,6.86%,1.78%,1.23%,72.56%,2.26%,3.90%,52.66%,3.68%,2.24%,24.67%,0.16%,0.79%,228.3,1.71%,0.32%,1.49%,3.51%,69.58%,102 ,1.30%,0.08%,1.10%,0.43%,0.07%,4.82%,1.60%, 13.5 , 302 , 391 , 298 ," 1,401 "," 1,268 "," 1,390 ",0.85%,10.95%,,,,,,,,,,
2,$250-$500 Mil,44," 350,618 ",,,,,1.20%,10.93%,10.32%,9.07%,5," 80,590 ",58," 6,535 ", 83.3 ," 350,618 ",5.66%,9.43%,1.89%,3.45%,81.94%,2.27%,3.45%,51.06%,3.50%,2.33%,22.21%,0.19%,0.65%,256.5,1.36%,0.26%,0.85%,2.47%,61.78%,43 ,1.23%,0.06%,0.37%,0.24%,0.04%,-0.52%,0.66%, 20.6 ," 1,070 "," 1,193 "," 1,057 "," 4,277 "," 4,536 "," 4,654 ",1.20%,10.93%,,,,,,,,,,
3,$500 Mil - $1 Bil,36," 754,397 ",,,,,1.20%,13.33%,10.99%,9.99%,8," 155,600 ",114," 7,449 ", 95.8 ," 754,397 ",6.40%,13.08%,2.24%,10.03%,87.92%,2.43%,3.71%,37.72%,4.98%,6.72%,20.46%,0.17%,0.73%,307.4,1.48%,0.26%,1.04%,2.78%,60.93%,392 ,1.31%,0.13%,0.80%,0.38%,0.11%,4.40%,1.30%, 23.3 ," 2,332 "," 2,440 "," 2,421 "," 9,061 "," 8,792 "," 9,601 ",1.20%,13.33%,,,,,,,,,,
4,Over $1 Bil,29," 6,639,100 ",,,,,1.12%,12.48%,10.31%,9.90%,35," 767,623 ",680," 17,743 ", 118.8 ," 6,639,100 ",5.91%,9.64%,2.34%,5.93%,85.36%,2.79%,3.17%,52.27%,5.94%,3.90%,21.91%,0.22%,0.78%,521.0,1.31%,0.25%,0.81%,2.37%,60.14%,"1,968 ",1.17%,0.12%,0.31%,0.44%,0.07%,4.67%,0.82%, 53.1 ," 24,168 "," 20,931 "," 18,381 "," 75,875 "," 83,245 "," 83,381 ",1.12%,12.48%,,,,,,,,,,
,,,,,,,,,,,,,,,,,,,,,,,,,,,,,,,,,,,,,,,,,,,,,,,,,,,,,,,,,,,,,,,